[{"pk": 1, "model": "carra.evenement", "fields": {"typeevenement": "\u00c9v\u00e8nements \u00e0 la CARRA", "evenement": "Entr\u00e9 en fonction / retour au travail"}}, {"pk": 2, "model": "carra.evenement", "fields": {"typeevenement": "\u00c9v\u00e8nements \u00e0 la CARRA", "evenement": "Absences"}}, {"pk": 3, "model": "carra.evenement", "fields": {"typeevenement": "\u00c9v\u00e8nements \u00e0 la CARRA", "evenement": "Changements d'eplois"}}, {"pk": 4, "model": "carra.evenement", "fields": {"typeevenement": "\u00c9v\u00e8nements \u00e0 la CARRA", "evenement": "Invalidit\u00e9 / D\u00e9c\u00e8s"}}, {"pk": 5, "model": "carra.evenement", "fields": {"typeevenement": "\u00c9v\u00e8nements \u00e0 la CARRA", "evenement": "Rupture de la vie \u00e0 deux"}}, {"pk": 6, "model": "carra.evenement", "fields": {"typeevenement": "\u00c9v\u00e8nements \u00e0 la CARRA", "evenement": "Retraite "}}, {"pk": 7, "model": "carra.evenement", "fields": {"typeevenement": "\u00c9v\u00e8nements \u00e0 la CARRA", "evenement": "Recours"}}, {"pk": 8, "model": "carra.evenement", "fields": {"typeevenement": "\u00c9v\u00e8nements \u00e0 la CARRA", "evenement": "Demande d'information"}}, {"pk": 9, "model": "carra.evenement", "fields": {"typeevenement": "\u00c9v\u00e8nements \u00e0 la CARRA", "evenement": "Demande op\u00e9rationnelle"}}, {"pk": 10, "model": "carra.evenement", "fields": {"typeevenement": "\u00c9v\u00e8nements \u00e0 la CARRA", "evenement": "Projet de loi"}}, {"pk": 11, "model": "carra.evenement", "fields": {"typeevenement": "\u00c9v\u00e8nements \u00e0 la CARRA", "evenement": "Demande de soutien"}}, {"pk": 12, "model": "carra.evenement", "fields": {"typeevenement": "Segments de clients", "evenement": "Participants"}}, {"pk": 13, "model": "carra.evenement", "fields": {"typeevenement": "Segments de clients", "evenement": "Employeurs assujettis"}}, {"pk": 14, "model": "carra.evenement", "fields": {"typeevenement": "Segments de clients", "evenement": "B\u00e9n\u00e9ficiaires"}}, {"pk": 15, "model": "carra.evenement", "fields": {"typeevenement": "Segments de clients", "evenement": "Parties n\u00e9gociantes"}}, {"pk": 16, "model": "carra.evenement", "fields": {"typeevenement": "Relation client\u00e8le", "evenement": "Assistance personnelle"}}, {"pk": 17, "model": "carra.evenement", "fields": {"typeevenement": "Relation client\u00e8le", "evenement": "Repr\u00e9sentant d\u00e9di\u00e9"}}, {"pk": 18, "model": "carra.evenement", "fields": {"typeevenement": "Relation client\u00e8le", "evenement": "Auto-service"}}, {"pk": 19, "model": "carra.evenement", "fields": {"typeevenement": "Relation client\u00e8le", "evenement": "Services automatis\u00e9s"}}, {"pk": 20, "model": "carra.evenement", "fields": {"typeevenement": "Relation client\u00e8le", "evenement": "Co-cr\u00e9ation"}}, {"pk": 1, "model": "carra.processus", "fields": {"processus": "A3.4.2", "description": "Mettre \u00e0 jour le dossier client"}}, {"pk": 2, "model": "carra.processus", "fields": {"processus": "A3.1", "description": "Collecter les donn\u00e9es"}}, {"pk": 3, "model": "carra.processus", "fields": {"processus": "A3.2", "description": "Enregistrer les donn\u00e9es"}}, {"pk": 4, "model": "carra.processus", "fields": {"processus": "A3.3", "description": "Valider les donn\u00e9es"}}, {"pk": 5, "model": "carra.processus", "fields": {"processus": "A3.4.1", "description": "Cr\u00e9er le dossier client"}}, {"pk": 6, "model": "carra.processus", "fields": {"processus": "A4.1", "description": "Recevoir une demande de r\u00e9examen"}}, {"pk": 7, "model": "carra.processus", "fields": {"processus": "A4.2", "description": "Traiter les demandes de r\u00e9examens"}}, {"pk": 8, "model": "carra.processus", "fields": {"processus": "A4.3", "description": "Traiter les dossiers d'arbitrages"}}, {"pk": 9, "model": "carra.processus", "fields": {"processus": "A5.1", "description": "Percevoir les cotisations"}}, {"pk": 10, "model": "carra.processus", "fields": {"processus": "A5.2", "description": "Comptabiliser les encaissements et les d\u00e9bours\u00e9s dans les bons fonds"}}, {"pk": 11, "model": "carra.processus", "fields": {"processus": "A5.3", "description": "Produire les \u00e9tats financiers des r\u00e9gimes"}}, {"pk": 12, "model": "carra.processus", "fields": {"processus": "A6.1", "description": "\u00c9tablir l'admissiblit\u00e9"}}, {"pk": 13, "model": "carra.processus", "fields": {"processus": "A6.2", "description": "Recevoir un montant d'argent"}}, {"pk": 14, "model": "carra.processus", "fields": {"processus": "A6.2.1", "description": "Calculer les rentes"}}, {"pk": 15, "model": "carra.processus", "fields": {"processus": "A6.2.2", "description": "Calculer les prestations \u00e0 payer "}}, {"pk": 16, "model": "carra.processus", "fields": {"processus": "A6.2.3", "description": "Calculer le remboursement"}}, {"pk": 17, "model": "carra.processus", "fields": {"processus": "A6.2.4", "description": "Calculer le service et les cotisations"}}, {"pk": 18, "model": "carra.processus", "fields": {"processus": "A6.2.5", "description": "Calculer le rachat"}}, {"pk": 19, "model": "carra.processus", "fields": {"processus": "A6.2.6", "description": "Calculer la valeur des droits"}}, {"pk": 20, "model": "carra.processus", "fields": {"processus": "A6.3", "description": "Payer une prestation"}}, {"pk": 21, "model": "carra.processus", "fields": {"processus": "P1", "description": "De l'expression d'un besoin \u00e0 sa r\u00e9ponse"}}, {"pk": 22, "model": "carra.processus", "fields": {"processus": "P10", "description": "De l'inscription \u00e0 la tenue de s\u00e9ances d'information / formation"}}, {"pk": 23, "model": "carra.processus", "fields": {"processus": "P11", "description": "De l'assujettissement \u00e0 la fusion / scission "}}, {"pk": 24, "model": "carra.processus", "fields": {"processus": "P12", "description": "D'une entente \u00e0 sa terminaison (\u00e9change d'information, entente de transferts)"}}, {"pk": 25, "model": "carra.processus", "fields": {"processus": "P13", "description": "D'un besoin d'interpr\u00e9tation l\u00e9gale au conseil juridique"}}, {"pk": 26, "model": "carra.processus", "fields": {"processus": "P14", "description": "De la r\u00e9alisation de publications \u00e0 sa communication interne/externe"}}, {"pk": 27, "model": "carra.processus", "fields": {"processus": "P15", "description": "De la strat\u00e9gie \u00e0 l'atteinte des objectifs"}}, {"pk": 28, "model": "carra.processus", "fields": {"processus": "P16", "description": "Des indicateurs \u00e0 la mesure de performance"}}, {"pk": 29, "model": "carra.processus", "fields": {"processus": "P17", "description": "De la r\u00e9ception d'une plainte \u00e0 la formulation de recommandations"}}, {"pk": 30, "model": "carra.processus", "fields": {"processus": "P18", "description": "Du choix d'une solution (affaires/TI) \u00e0 la fin de sa dur\u00e9e utile"}}, {"pk": 31, "model": "carra.processus", "fields": {"processus": "P19", "description": "De la facturation \u00e0 l'encaissement"}}, {"pk": 32, "model": "carra.processus", "fields": {"processus": "P2", "description": "De la prestation de service \u00e0 la mesure de la satisfaction"}}, {"pk": 33, "model": "carra.processus", "fields": {"processus": "P20", "description": "De l'acquisition \u00e0 la disposition "}}, {"pk": 34, "model": "carra.processus", "fields": {"processus": "P21", "description": "De la planification budg\u00e9taire \u00e0 la reddition de compte"}}, {"pk": 35, "model": "carra.processus", "fields": {"processus": "P22", "description": "De l'appel d'offres \u00e0 la fin du contrat"}}, {"pk": 36, "model": "carra.processus", "fields": {"processus": "P23", "description": "De l'embauche \u00e0 la fin du lien d'emploi"}}, {"pk": 37, "model": "carra.processus", "fields": {"processus": "P24", "description": "De la requ\u00e8te au d\u00e9bours\u00e9"}}, {"pk": 38, "model": "carra.processus", "fields": {"processus": "P3", "description": "De la collecte ou r\u00e9ception de donn\u00e9es (participation, etc.) \u00e0 la mise \u00e0 jour du dossier client"}}, {"pk": 39, "model": "carra.processus", "fields": {"processus": "P4", "description": "De la contestation d'une d\u00e9cision \u00e0 sa r\u00e9solution"}}, {"pk": 40, "model": "carra.processus", "fields": {"processus": "P5", "description": "De la gestion des flux de tr\u00e9soreries \u00e0 la production des \u00e9tats financiers des r\u00e9gimes"}}, {"pk": 41, "model": "carra.processus", "fields": {"processus": "P6", "description": "D'une v\u00e9rification d'\u00e9ligibilit\u00e9 au paiement ou remboursement d'un montant d'argent"}}, {"pk": 42, "model": "carra.processus", "fields": {"processus": "P7", "description": "De l'\u00e9valuation actuarielle \u00e0 l'\u00e9tablissement des nouveaux taux de cotisations"}}, {"pk": 43, "model": "carra.processus", "fields": {"processus": "P8", "description": "D'une piste d'am\u00e9lioration \u00e0 l'\u00e9volution des r\u00e9gimes"}}, {"pk": 44, "model": "carra.processus", "fields": {"processus": "P9", "description": "De l'\u00e9tude des rendements observ\u00e9s \u00e0 des propositions de placements"}}, {"pk": 1, "model": "carra.service", "fields": {"volumetrie": "2011 \n258 r\u00e9examens et 248 demandes de r\u00e9examen\n2012\n274 r\u00e9examens et 451 demandes de r\u00e9examen\n2013\n326 r\u00e9examens et 735 demandes de r\u00e9examen", "description": "Ce service vise \u00e0 permettre aux participants d'un r\u00e9gime de retraite administr\u00e9 par la CARRA et aux non-participants b\u00e9n\u00e9ficiaires de demander au comit\u00e9 de retraite concern\u00e9 de r\u00e9examiner une d\u00e9cision rendue par la CARRA. La demande doit \u00e8tre faite dans les 12 mois suivant la date de transmission de la d\u00e9cision contest\u00e9e.\n\nDans le cas o\u00c3\u00b9 aucune d\u00e9cision n'est prise parce que les opinions des membres du comit\u00e9 sont partag\u00e9es \u00e9galement, la d\u00e9cision de la CARRA est r\u00e9put\u00e9e maintenue et la demande de r\u00e9examen est r\u00e9f\u00e9r\u00e9e \u00e0 l'arbitre.", "nature": "L\u00e9gal", "niveauxservice": "", "applications": "Fonction: RC\nRC0101\nRISE: Suivi g\u00e9n\u00e9rique\nFichiers Excel de suivi ", "responsable": "Secr\u00e9tariat des comit\u00e9s de retraite et du r\u00e9examen", "services": "R\u00e9examen"}}, {"pk": 2, "model": "carra.service", "fields": {"volumetrie": "2011\n36 arbitrages et 122 dossiers \u00e0 traiter\n2012\n55 arbitrages et 84 dossiers \u00e0 traiter\n2013\n47 arbitrages et 88 dossiers \u00e0 traiter", "description": "Ce service vise \u00e0 permettre aux participants d'un r\u00e9gime de retraite administr\u00e9 par la CARRA et aux non-participants b\u00e9n\u00e9ficiaires de contester la d\u00e9cision rendue par le comit\u00e9 de r\u00e9examen. La demande doit \u00e8tre re\u00e7ue dans les 90 jours suivant la date de transmission de la d\u00e9cision du comit\u00e9 de r\u00e9examen.\n\nLa d\u00e9cision de l'arbitre est obligatoire et sans appel.", "nature": "L\u00e9gal", "niveauxservice": "D\u00e9cision \u00e9crite et motiv\u00e9e \nDans les 90 jours suivant la date de l'audition, \u00e0 moins que ce d\u00e9lai ne soit prolong\u00e9 par l'arbitre.", "applications": "Fonction: RC\nRC0201\nRise: Suivi g\u00e9n\u00e9rique\nProc\u00e9dure de travail manuelle", "responsable": "Direction principale des affaires juridiques\n(le Greffe est situ\u00e9 au Minsit\u00e8re de l''\u00e9ducation)", "services": "Arbitrage"}}, {"pk": 3, "model": "carra.service", "fields": {"volumetrie": "2011\n2 927 plaintes\n2012\n1 427 plaintes\n2013\n998 plaintes", "description": "Ce service vise \u00e0 offrir \u00e0 sa client\u00e8le (participants et non-participants) la possibilit\u00e9 d''\u00e9mettre une plainte au sujet de la qualit\u00e9 des services offerts par la CARRA. De plus, celle-ci veille \u00e0 ce que toute plainte re\u00e7ue soit trait\u00e9e dans l'int\u00e9r\u00e8t de la personne concern\u00e9e ainsi que trait\u00e9e selon un d\u00e9lais de 30 jours ouvrables.", "nature": "Professionnel", "niveauxservice": "Confirmation de la r\u00e9ception d'une plainte: 2 jours ouvrables suivant la r\u00e9ception\n\nR\u00e9ponse \u00e0 une plainte: 30 jours", "applications": "Fonction: PL\nPL0101\nRISE: Suivi g\u00e9n\u00e9rique pour clients et partenaires (m\u00e8me suivi)\nFichiers Excel de suivi\nAncien Siebel\nCertainement d'autres choses...", "responsable": "Bureau des plaintes", "services": "Gestion des plaintes"}}, {"pk": 4, "model": "carra.service", "fields": {"volumetrie": "2011: \n1 119 transferts\n2012:\n1 051 transferts\n2013\n1 349 transferts", "description": "Ce service vise \u00e0 permettre \u00e0 une personne qui change d'emploi de transf\u00e9rer les ann\u00e9es de service qu'elle a accumul\u00e9es vers son nouveau r\u00e9gime de retraite., gr\u00c3\u00a2ce \u00e0 un accord conclu entre la CARRA et un organisme. \n\nD\u00e9pendement de la situation, il existe deux types de transfert avec entente:\n- quand le transfert s'effectue vers la CARRA \u00e0 partir d'un autre organisme, on parle de transfert entente entr\u00e9e.  \n- quand le transfert s'effectue \u00e0 partir de la CARRA vers un autre organisme, on parle de transfert entente sortie.", "nature": "L\u00e9gal", "niveauxservice": "", "applications": "Fonction: PT\nTransfert OUT: PT0402\nRISE: Suivi g\u00e9n\u00e9rique\nAPL: calcul de la valeur\nFichier Excel pour l'agenda et la certification\nTransfert IN: PT0401\nRISE: Suivi g\u00e9n\u00e9rique\nEt autres...", "responsable": "Direction du d\u00e9veloppement, des ententes de transfert et du partage du patrimoine", "services": "Transfert en vertu d'une entente"}}, {"pk": 5, "model": "carra.service", "fields": {"volumetrie": "2011 \n517 prestations \n2012\n391 prestations\n2013\n469 prestations", "description": "Assurance-vie:\nCe service vise \u00e0 offrir une assurance vie de base aux h\u00e9ritiers des membres du personnel public et parapublic (participants \u00e0 un r\u00e9gime de retraite administrer par la CARRA), en fonction de leurs conditions de travail et selon les conditions qui y sont sp\u00e9cifi\u00e9es.\n\nCette assurance s'\u00e9l\u00e8ve \u00e0 6 400$ pour les membres du personnel dont l'horaire de travail est d'au moins 70% (ou d'au moins 75% selon les conditions de travail) de celui d'une personne en lien d'emploi (personne r\u00e9guli\u00e8re de la fonction publique) \u00e0 temps plein. Pour les membres du personnel dont l'horaire est moindre, ou les membres du personnel saisonniers ou occasionnels ayant un contrat d'un an ou plus (fonction publique), le montant de l'assurance est de 3 200$.\n\nAssurance-vie exc\u00e9dentaire:\nEmploy\u00e9s de la Commission de la sant\u00e9 et de la s\u00e9curit\u00e9 du travail (CSST), du Centre de r\u00e9adaptation Fran\u00e7ois-Charon (devenu l'Institut de r\u00e9adaptation en d\u00e9ficience physique de Qu\u00e9bec) et du Centre de r\u00e9adaptation Lucie-Bruneau. La prestation d'assurance vie exc\u00e9dentaire s''\u00e9l\u00e8ve \u00e0 2 600 $.\nAgent auxiliaire de la Suret\u00e9 du Qu\u00e9bec. La prestation d'assurance vie exc\u00e9dentaire s''\u00e9l\u00e8ve \u00e0 100 000 $ si l'employ\u00e9 n'a personne \u00e0 sa charge (conjoint, enfant \u00e0 charge ou toute personne \u00e0 charge selon la Loi de l'imp\u00f4t sur le revenu) et \u00e0 200 000 $ s'il a la charge d'une ou de plusieurs personnes. \nAgent de la paix et agent de conservation de la faune: La prestation d'assurance vie exc\u00e9dentaire s''\u00e9l\u00e8ve \u00e0 100 000 $.", "nature": "Financier", "niveauxservice": "", "applications": "Fonction: PR\nPR0111 (d\u00e9c\u00e8s) et PR0113 (ass-vie et aas-vie exc\u00e9dentaire)\nRISE: Saisie centralis\u00e9e et WF de prestation de d\u00e9c\u00e8s\nFonction: AR\nAR0202\nRISE: Traiter les paiement non p\u00e9riodique (batch)\n\nProc\u00e9dure manuelle pour les d\u00e9c\u00e8s occupationnels pour le RRMSQ et le RRAPSC.\n\nNOTE \u00c0 MOI-MEME: Pourquoi avoir fait un PR0113 au-lieu de garder le AS0101 poutr l'assurance-vie ?", "responsable": "Direction des services aux prestataires (Service des prestations 2)", "services": "Prestation d'assurance vie aux h\u00e9ritiers \n(RREGOP, RRPE, RRAS (si inscrit dans le d\u00e9cret), Juges)\n\nAssurance-vie exc\u00e9dentaire"}}, {"pk": 6, "model": "carra.service", "fields": {"volumetrie": "2013\n579 466 personnes participent \u00e0 l'un de nos r\u00e9gimes de retraite", "description": "Ce service vise \u00e0 assurer l'enregistrement de la participation d'un nouveau participant \u00e0 un r\u00e9gime de retraite administr\u00e9 par la CARRA. \n\n\u00c0 noter qu'il s'agit de l'employeur qui fournit \u00e0 la CARRA tous les renseignements concernant l'adh\u00e9sion d'un participant \u00e0 un r\u00e9gime de retraite et non le participant lui-m\u00e8me. C'est \u00e9galement l'employeur qui per\u00e7oit, au nom de la CARRA, les cotisations pour ce r\u00e9gime de retraite.", "nature": "L\u00e9gal", "niveauxservice": "", "applications": "Fonction: PT\nPT0106 (DA PES), PT0102 (Collecte), PT0501 et PT0502 (modifier donn\u00e9es)\nRISE: Transmission de la DA\nCas sp\u00e9ciaux\nFonction: CL\nCL0402\nRISE: Ajout d'un nouveau client via la DCC ou la saisie centralis\u00e9e", "responsable": "Direction des services aux employeurs (Service de la participation - via la transmission de la DA)", "services": "Enregistrement de la participation \u00e0 un r\u00e9gime de retraite"}}, {"pk": 7, "model": "carra.service", "fields": {"volumetrie": "", "description": "Ce service vise \u00e0 valider l'admissibilit\u00e9 du participant \u00e0 une assurance collective, afin d''\u00e8tre en mesure de confirmer l'admissiblit\u00e9 de celui-ci \u00e0 l'assureur", "nature": "Professionnel", "niveauxservice": "", "applications": "Fonction: AS\nAS0201\nProc\u00e9dure de travail manuelle", "responsable": "Direction des services aux employeurs (Service aux employeurs - seulement pour le RRPE)", "services": "V\u00e9rification de l'admissibilit\u00e9 \u00e0 une assurance collective"}}, {"pk": 8, "model": "carra.service", "fields": {"volumetrie": "", "description": "Ce service vise \u00e0 obtenir rapidement et facilement le cout approximatif du rachat de service qu'un participant envisage d'effectuer, et ce par l'entremise d'un outil  de calcul sur le site Internet de la CARRA", "nature": "Professionnel", "niveauxservice": "", "applications": "Site Internet: \nCalculette rachat\nCertains types de rachat seulement pour certains r\u00e9gimes.", "responsable": "Service des rachats (outil sur le Web)", "services": "Estimation d'un rachat de service"}}, {"pk": 9, "model": "carra.service", "fields": {"volumetrie": "2011\n21 649 rachats\n2012\n20 104 rachats\n2013\n10 973 rachats", "description": "Ce service vise \u00e0 permettre aux personnes participantes \u00e0 un r\u00e9gime de retraite administr\u00e9 par la CARRA de faire compter dans son r\u00e9gime de retraite, sous r\u00e9serve de certaines conditions, des p\u00e9riodes de service ou d'absence sans salaire effectu\u00e9es dans le secteur public ou parapublic. ", "nature": "Financier", "niveauxservice": "Traiter votre demande de rachat\nSi une demande de rente est en cours : 90 jours\n\nSi aucune demande de rente n'est en cours : 180 jours", "applications": "Fonction : PT\nPT0301, PT0306, PT0307, PT0308 et PT0309, (modification au rachat) PT0305(T1004)\nRISE: WF de rachats\n\u00abBidule\u00bb\nFichier Excel de certification\nCas sp\u00e9ciaux\n\nNOTE: C'est quoi un rachat \u00e0 la pi\u00e8ce?", "responsable": "Service des rachats", "services": "Rachat de services"}}, {"pk": 10, "model": "carra.service", "fields": {"volumetrie": "2011\n114 transferts\n2012\n46 transferts\n2013\n152 transferts", "description": "Ce service vise \u00e0 reconna\u00eetre dans un r\u00e9gime de retraite administr\u00e9 par la CARRA, les ann\u00e9es de service accumul\u00e9es dans un autre r\u00e9gime de retraite administr\u00e9 par la CARRA.\n\n\u00c0 noter qu''\u00e0 l'instar des ententes de transfert, il existe des transferts interr\u00e9gimes d'entr\u00e9e et des transferts interr\u00e9gimes de sortie. ", "nature": "L\u00e9gal", "niveauxservice": "", "applications": "Fonction: PT\nTransfert 1 pour 1: PT0601\nTransfert sur \u00e9quivalence: PT0401  ils ont trait\u00e9s comme des transferts entr\u00e9es\n\nQualification RRPE: \n\nQualification RRAPSC:\n", "responsable": "Un pour un:\nDirection des services aux prestataires\n\u00c9quivalence actuarielle:\nDirection du d\u00e9veloppement, des ententes de transfert et du partage du patrimoine (\u00c9quipe des ententes de transferts)", "services": "Transfert inter r\u00e9gimes"}}, {"pk": 11, "model": "carra.service", "fields": {"volumetrie": "2011\n1 858 prestations \n2012\n2 942 prestations\n2013\n3 110 prestations", "description": "Ce service vise \u00e0 verser une somme unique correspondant \u00e0 la valeur de la rente diff\u00e9r\u00e9e, \u00e9tablie selon les r\u00e8gles pr\u00e9vues par le r\u00e9gime de retraite, dans le compte de retraite immobilis\u00e9 (CRI) ou dans le fonds de revenu viager (FRV) d'un participant non actif.", "nature": "Financier", "niveauxservice": "Confirmer votre remboursement de cotisations : \n120 jours", "applications": "Fonction: PR\nPR0101 (avec lien), PR0114 (sans lien) et PR01012 (d\u00e9part)\nRISE: WF de prestation \nCas sp\u00e9ciaux\nFichier Excel pour valeur actuarielle\nFichier Excel de certification", "responsable": "Direction des services aux prestataires (Service des prestations 2)", "services": "Transfert de la valeur de la rente diff\u00e9r\u00e9e vers un CRI ou un FRV"}}, {"pk": 12, "model": "carra.service", "fields": {"volumetrie": "Nombre total\n2011\n28 385 rentes\n2012\n29 049 rentes\n2013\n30 071 rentes", "description": "Ce service vise \u00e0 verser une prestation \u00e0 des non-participants lors du d\u00e9c\u00e8s d'un participant, d'un retrait\u00e9 ou d'un conjoint survivant, ou lors de la fin de paiement d'une rente d'orphelin.\n\nDans les r\u00e9gimes de retraite administr\u00e9s par la CARRA, les prestations de survivant sont : \n- rente de conjoint survivant;  \n- rente d'orphelin;   \n- prestation de d\u00e9c\u00e8s. ", "nature": "Financier", "niveauxservice": "Confirmer votre rente de conjoint survivant, votre rente d'orphelin ou le r\u00e8glement li\u00e9 \u00e0 la succession :\n90 jours", "applications": "Fonction: PR\nRISE: WF de prestation de d\u00e9c\u00e8s\nCas sp\u00e9ciaux\nFichier excel pour la valeur actuarielle\nFichier excel pour le calcul du minimum garanti\nFichier excel de certification", "responsable": "Direction des services aux prestataires (Service des prestations 2)", "services": "Prestation \u00e0 un survivant"}}, {"pk": 13, "model": "carra.service", "fields": {"volumetrie": "", "description": "Ce service vise \u00e0 verser une rente ou une somme unique (selon les conditions du r\u00e9gime de retraite) \u00e0 un participant atteint d'une invalidit\u00e9 totale et permanente ou d'une incapacit\u00e9 physique ou mentale.", "nature": "Financier", "niveauxservice": "La rente d'invalidit\u00e9 \nVers\u00e9e le 15 de chaque mois", "applications": "Fonction: PR\nPR0109 (invalidit\u00e9), PR0108 (g\u00e9rer les rentes d'invalidit\u00e9)\nRISE: WF de prestation\nCas sp\u00e9ciaux\nFichier Excel de certification", "responsable": "Direction des services aux prestataires (Service des prestations 2)", "services": "Prestation en cas d'invalidit\u00e9 "}}, {"pk": 14, "model": "carra.service", "fields": {"volumetrie": "", "description": "Ce service vise \u00e0 verser une prestation aux participants dont l'esp\u00e9rance de vie est de deux ans ou moins en raison d'une maladie.\n\nLa prestation de maladie en phase terminale correspond au plus \u00e9lev\u00e9 des deux montants suivants : \n- cotisations plus int\u00e9r\u00e8ts ou valeur actuarielle de la rente; \nplus  \n- sommes vers\u00e9es ou transf\u00e9r\u00e9es pour acqu\u00e9rir un cr\u00e9dit de rente.  \n\n\u00c0 noter que la prestation de maladie en phase terminale peut \u00e8tre transf\u00e9r\u00e9e dans un REER et l'encaissement de la prestation de maladie en phase terminale a pour effet d''\u00e9teindre tous les droits d'un participant dans son r\u00e9gime de retraite.   ", "nature": "Financier", "niveauxservice": "", "applications": "Fonction: PR\nPR0109 (phase terminale)\nRISE: WF de prestation \nCas sp\u00e9ciaux\nFichier Excel de certification", "responsable": "Direction des services aux prestataires (Service des prestations 2)", "services": "Prestation \u00e0 une personne en phase terminale"}}, {"pk": 15, "model": "carra.service", "fields": {"volumetrie": "", "description": "Ce service vise permettre \u00e0 la conjointe ou le conjoint de renoncer \u00e0 une prestation (lors du d\u00e9c\u00e8s d'un participant) au profit des h\u00e9ritiers de la personne d\u00e9c\u00e9d\u00e9e et r\u00e9voquer ult\u00e9rieurement sa renonciation, en avisant la CARRA par \u00e9crit de sa d\u00e9cision. Cet avis doit \u00e8tre re\u00e7u par la CARRA avant le d\u00e9c\u00e8s du participant ou du retrait\u00e9, la date de r\u00e9ception \u00e0 la CARRA \u00e9tant celle qui compte pour l'analyse du dossier. Si l'avis est incomplet au moment de sa r\u00e9ception, la renonciation ou la r\u00e9vocation de la renonciation est consid\u00e9r\u00e9e invalide.\n\n\u00c0 noter que lors du d\u00e9c\u00e8s d'une personne participant \u00e0 un r\u00e9gime de retraite ou d'une personne retrait\u00e9e, les r\u00e9gimes pr\u00e9voient le paiement en priorit\u00e9 d'une prestation \u00e0 sa conjointe ou son conjoint survivant.", "nature": "Professionnel", "niveauxservice": "", "applications": "Fonction: CL\nCL0402 (ajout) et CL0404 (modification)\nSaisie du formulaire rempli par le client dans RISE via la saisie centralis\u00e9e [case qui sera coch\u00e9 dans l'image globale du client]", "responsable": "Direction des services aux prestataires (Service du pr\u00e9traitement num\u00e9rique)", "services": "Renonciation / r\u00e9vocation des droits"}}, {"pk": 16, "model": "carra.service", "fields": {"volumetrie": "2011\n6 488 d\u00e9parts\n2012\n5 236 d\u00e9parts\n2013\n4 489 d\u00e9parts", "description": "Ce service vise \u00e0 v\u00e9rifier l'admissibilit\u00e9  d'un participant actif \u00e0 r\u00e9duire le nombre de ses heures de travail avant sa retraite, sans r\u00e9duire le service et le salaire qui sont normalement reconnus par son r\u00e9gime de retraite.\n\n\u00c0 noter que lorsqu'un participant actif b\u00e9n\u00e9ficie du programme de d\u00e9part progressif, il doit continuer de cotiser \u00e0 son r\u00e9gime de retraite en fonction du salaire qu'il aurait re\u00e7u s'il ne s''\u00e9tait pas pr\u00e9valu de cette mesure. \u00c9galement,  lorsqu'un participant actif conclut une entente de d\u00e9part progressif avec son employeur, il doit s'engager \u00e0 prendre sa retraite \u00e0 la fin de l'entente. ", "nature": "Professionnel", "niveauxservice": "", "applications": "Fonction: PT\nPT0109\nRISE: Suivi g\u00e9n\u00e9rique\nFichier Excle pour le calcul", "responsable": "Direction des contacts clients  (Service 1 des contacts clients et des r\u00e9gimes particuliers)", "services": "V\u00e9rification de l'admissibilit\u00e9 au d\u00e9part progressif"}}, {"pk": 17, "model": "carra.service", "fields": {"volumetrie": "Inclut le service de retour au travail\n2011\n442\n2012\n413\n2013\n1 105", "description": "Ce service vise \u00e0 permettre \u00e0 un participant retrait\u00e9 de 65 ans ou plus de travailler et de recevoir son salaire tout en retirant une partie ou la totalit\u00e9 de sa rente de retraite. \n\u00c0 noter que l'employ\u00e9 ou le retrait\u00e9 qui b\u00e9n\u00e9ficie de la retraite graduelle ne participe plus \u00e0 son r\u00e9gime de retraite, car il est r\u00e9put\u00e9 avoir pris sa retraite.  ", "nature": "Financier", "niveauxservice": "", "applications": "Fonction: PR\nPR0107\nRISE: Suivi g\u00e9n\u00e9rique\nFichier Excel pour le calcul", "responsable": "Direction des services aux prestataires (Service des prestations 2)", "services": "Retraite graduelle"}}, {"pk": 18, "model": "carra.service", "fields": {"volumetrie": "2011\n4 023 inscriptions\n2012\n2 195 inscriptions\n2013\n3 124 inscriptions", "description": "Ce service vise \u00e0 fournir des s\u00e9ances d'information sur les diff\u00e9rentes d\u00e9marches \u00e0 effectuer en pr\u00e9vision du d\u00e9part \u00e0 la retraite et traite, notamment, des aspects suivants :\n-  les finances personnelles,\n-  les assurances collectives et les avantages sociaux,\n-  les questions juridiques et la transition vers la retraite.", "nature": "Professionnel", "niveauxservice": "", "applications": "Fonction: CL\nCL0209\nProcessus compl\u00e8tement manuel (Hors RISE)", "responsable": "Direction des contacts clients  ", "services": "Pr\u00e9paration \u00e0 la retraite (s\u00e9ance d'information)"}}, {"pk": 19, "model": "carra.service", "fields": {"volumetrie": "2011\n19 421 estimations\n2012\n13 896 estimations\n2013\n16 548 estimations", "description": "Ce service vise \u00e0 fournir une estimation du montant de la rente de retraite d'un participant par l'entremise d'un outil de calcul accessible sur le site Internet de la CARRA ou par une demande d'estimation de rente envoy\u00e9e \u00e0 la CARRA.", "nature": "Professionnel", "niveauxservice": "Estimation de la rente de retraite par un agent de la CARRA \n90 jours", "applications": "Fonction: PR\nPR0103\nRISE: WF d'estimation de rente\nCas sp\u00e9ciaux\nFichier Excel de certification\n\nSite Internet: \nCalculette de rente (h\u00e9berg\u00e9 sur les serveurs de La Capitale)", "responsable": "Direction des contacts clients  (Service 1 des contacts clients et des r\u00e9gimes particuliers)", "services": "Estimation de rente"}}, {"pk": 20, "model": "carra.service", "fields": {"volumetrie": "Nombre total\n2011\n285 057 rentes\n18 048 demandes \n2012\n296 931 rentes\n19 556 demandes\n2013\n308 218 rentes\n23 017 demandes", "description": "Ce service vise \u00e0 effectuer le versement de l'ensemble des rentes auxquels un participant (retrait\u00e9) a droit en vertu de son r\u00e9gime de retraite. \nLa rente de retraite inclut : \n- la rente de base;\net, s'il y a lieu \n- le ou les cr\u00e9dits de rente;  \n- la ou les rentes additionnelles;  \n- la rente de raccordement; \n- la ou les rentes suppl\u00e9mentaires.   ", "nature": "Financier", "niveauxservice": "Confirmation d'une rente (excluant les cas complexes) : \nD\u00e8s le mois de la retraite \n(si une demande compl\u00e8te est fournie 90 jours avant)\n\nRente par d\u00e9p\u00f4t direct \nAu plus tard le 15 de chaque mois et 48 heures avant cette date par ch\u00e8que ", "applications": "Fonction: AR\nAR0201\nRISE: Traiter les paiements p\u00e9riodiques\nActivit\u00e9s de contr\u00f4le avec intervention d'un agent", "responsable": "Direction principale des ressources finanic\u00e8res (Service des paiements)", "services": "Paiement d'une rente de retraite (versement)"}}, {"pk": 21, "model": "carra.service", "fields": {"volumetrie": "2011\n1 355 calculs\n2012\n1 303 calculs\n2013\n1 333 calculs", "description": "Ce service vise \u00e0 calculer la valeur des droits d'une personne non-participante au niveau du r\u00e9gime de retraite d'un participant, suite \u00e0 une proc\u00e9dure de divorce, une s\u00e9paration l\u00e9gale, une annulation de mariage, une dissolution ou annulation d'union civile.", "nature": "L\u00e9gal", "niveauxservice": "Produire le relev\u00e9 des droits : \n90 jours", "applications": "Fonction: PR\nPR0501\nRISE: Suivi g\u00e9n\u00e9rique\nAriel - Partage\nAPL (validation)\nFichier Excel (validation)\nAncien Siebel\nSig-Ben (lettre)\nRRAS: APL- RRAS pour le calcul", "responsable": "Direction du d\u00e9veloppement, des ententes de transfert et du partage du patrimoine", "services": "Calcul de la valeur des droits"}}, {"pk": 22, "model": "carra.service", "fields": {"volumetrie": "2011\n2012\n354 acquitements\n2013\n367 acquitements", "description": "Ce service vise \u00e0 confirmer la r\u00e9duction des prestations d'un participant en fonction du partage du patrimoine familial et vise \u00e9galement \u00e0 confirmer et transf\u00e9rer les sommes attribu\u00e9es \u00e0 la conjointe ou au conjoint d'un participant selon l'une des options suivantes:\n- un contrat de rente;\n- un compte de retraite immobilis\u00e9 (CRI);\n- un fonds de revenu viager (FRV); ou\n- un r\u00e9gime enregistr\u00e9 d'\u00e9pargne-retraite (REER) ou un fonds enregistr\u00e9 de revenu de retraite (FERR). Cette possibilit\u00e9 est offerte seulement si les sommes proviennent du droit \u00e0 un remboursement de cotisations.", "nature": "Financier", "niveauxservice": "Transfert des sommes \nDans les 120 jours suivant l'expiration du d\u00e9lai de 60 jours \n??????????????????", "applications": "Fonction: PR\nPR0502\nRISE: Suivi g\u00e9n\u00e9rique\nAriel - Partage\nAPL (validation)\nFichier Excel (validation)\nAncien Siebel\nSig-Ben (lettre)\n\nFonction AR:\nAR0202 \nRISE - Traiter les modalit\u00e9s de paiement non p\u00e9riodique pour l''\u00e9mission du ch\u00e8que et du transfert dans le CRI/FRV", "responsable": "Direction du d\u00e9veloppement, des ententes de transfert et du partage du patrimoine", "services": "Acquitement de la valeur des droits \u00e0 la conjointe ou au conjoint"}}, {"pk": 23, "model": "carra.service", "fields": {"volumetrie": "Information non-pertinente", "description": "Ce service vise \u00e0 fournir aux comit\u00e9s de retraite, \u00e0 tous les trois ans, les \u00e9valuations actuarielles permettant de d\u00e9terminer le taux de cotisation des r\u00e9gimes RREGOP et RRPE. C'est \u00e0 partir des r\u00e9sultats triennales produites par la CARRA que les comit\u00e9s de retraite formulent des recommandations aux gouvernement. ", "nature": "L\u00e9gal", "niveauxservice": "Une \u00e9valuation actuarielle par r\u00e9gime est effectu\u00e9e au 3 ans et une mise \u00e0 jour est effectu\u00e9e annuellement.", "applications": "Fonction: RR\nRR01\nProc\u00e9dure de travail compl\u00e8tement manuelle (N'est pas soutenue par les processus mission de RISE)\nUtilise des requ\u00e8tes de l''\u00e9quipe IG, des traitements SAS et des fichiers Excel", "responsable": "Direction de l'actuariat et de l'expertise en placements", "services": "\u00c9valuation actuarielle"}}, {"pk": 24, "model": "carra.service", "fields": {"volumetrie": "Information non-pertinente", "description": "Ce service vise \u00e0 fournir aux comit\u00e9s de retraite diverses \u00e9tudes portant sur l'administration des r\u00e9gimes de retraite ", "nature": "L\u00e9gal", "niveauxservice": "", "applications": "Fonction: CS\nCS01, CS02\nProc\u00e9dure de travail compl\u00e8tement manuelle (N'est pas soutenue par les processus mission de RISE)\n\u00c9tude, Analsye et conseil aux parties n\u00e9gociantes, au SCT et aux membres des comit\u00e9s de retraites", "responsable": "Direction de l'actuariat et de l'expertise en placements", "services": "Diverses \u00e9tudes"}}, {"pk": 25, "model": "carra.service", "fields": {"volumetrie": "", "description": "Ce service vise \u00e0 retenir sur les versements mensuels d'une rente de retraite, le montant correspondant \u00e0 la cotisation mensuelle requise afin d''\u00e8tre membre d'une association de retrait\u00e9s.", "nature": "Financier", "niveauxservice": "Idem pour les d\u00e9ductions aux assurances collectives des retrait\u00e9s", "applications": "Les organismes envoient un fichier informatique \u00e0 la CARRA par transferts de fichiers.\nLe fichier est pris dans le traitement de la paie. \n\nFonction: AR\nAR0201\nRISE - Traiter les modalit\u00e9 de versements p\u00e9riodique\nActivit\u00e9s de contr\u00f4le  avec intervention d'un agent\n\nPour remettre l'argent \u00e0 l'organisme\nFonction: AR\nRISE - Produire les d\u00e9ductions...", "responsable": "Direction principale des ressources financi\u00e8res (Service des paiements)", "services": "D\u00e9duction pour certains organismes directement sur le paiement de la rente \n\u00abCotisation \u00e0 une association de retrait\u00e9s\u00bb"}}, {"pk": 26, "model": "carra.service", "fields": {"volumetrie": "", "description": "Ce service vise \u00e0 ajuster (augmenter, diminuer ou \u00e9liminer) le montant d'imp\u00f4t pr\u00e9lev\u00e9 mensuellement sur la rente", "nature": "Professionnel", "niveauxservice": "", "applications": "Formulaire \u00e0 remplir par le prestataire\nSaisie dans RISE par un agent. \nPris dans le traitement de la paie\n\nFonction: AR\nAR0201\nRISE - Traiter les modalit\u00e9 de versements p\u00e9riodique\nActivit\u00e9s de contr\u00f4le  avec intervention d'un agent", "responsable": "Direction principale des ressources financi\u00e8res (Service des paiements)", "services": "Modification des retenus d'imp\u00f4t"}}, {"pk": 27, "model": "carra.service", "fields": {"volumetrie": "", "description": "Ce service vise \u00e0 rembourser le montant de cotisation d\u00e9duite en trop.  \u00c0 la CARRA, il existe deux situations o\u00c3\u00b9 un remboursement de trop-per\u00e7u de cotisation est effectu\u00e9, soit lors : \n\n- d'une r\u00e9gularisation d'emplois simultan\u00e9s (remboursement par la CARRA)\n- de la conciliation des donn\u00e9es de participation fournies par l'employeur par le biais de la d\u00e9claration annuelle (remboursement par l'employeur) ", "nature": "Financier", "niveauxservice": "", "applications": "Fonction: PT\nPT0104\nPar la fonction R\u00e9gularisation, il peut avoir des r\u00e9gul automatiques (RISE), semi-automatiques (\u00abtruc\u00bb  des experts r\u00e9gimes) ou compl\u00e8tement manuelles (fichier Excel)\n\nFonction: PR\nPR0401 (TP avant 87) \nSoutien de la DPAO pour le traitement\n\nFonction AR: \nAR0202\nRISE - Traiter les modalit\u00e9s de paiement non p\u00e9riodique pour l''\u00e9mission du ch\u00e8que..", "responsable": "Direction des services aux employeurs (Service de la participation - via la r\u00e9gularisation)", "services": "Remboursement de cotisations vers\u00e9es en trop"}}, {"pk": 28, "model": "carra.service", "fields": {"volumetrie": "Appels t\u00e9l\u00e9phoniques (r\u00e9pondu par la direction des contacts clients)\n2011\n237 137\n2012\n232 018\n2013\n251 919", "description": "Ce service vise \u00e0 fournir \u00e0 la client\u00e8le de la CARRA le statut ou l''\u00e9tat d'une demande ou d'un traitement", "nature": "Professionnel", "niveauxservice": "R\u00e9pondre \u00e0 un appel t\u00e9l\u00e9phonique : \n3 minutes", "applications": "Fonction: CL\nCL0305\n\nFonction: ER\nER0303 (PES)\n\nRISE: image globale\nFichier Canard...\nFichier de suivi des autres secteurs.", "responsable": "Direction des contacts  clients", "services": "Suivi /traitement de demandes"}}, {"pk": 29, "model": "carra.service", "fields": {"volumetrie": "2012\nPlus de 70 formations\n2013\n53 formations", "description": "Ce service vise \u00e0 assurer la formation des employeurs assujettis, afin qu'ils puissent utiliser de mani\u00e8re ad\u00e9quate le syst\u00e8me de prestation \u00e9lectronique de service, qui s'av\u00e8re n\u00e9cessaire pour envoyer la d\u00e9claration annuelle (DA)", "nature": "Professionnel", "niveauxservice": "Formation effectu\u00e9e de f\u00e9vrier \u00e0 mai et de septembre \u00e0 d\u00e9cembre", "applications": "", "responsable": "", "services": "Formation aux employeurs"}}, {"pk": 30, "model": "carra.service", "fields": {"volumetrie": "", "description": "Ce service vise \u00e0 d\u00e9tailler la participation \u00e0 un r\u00e9gime de retraite en date du 31 d\u00e9cembre de l'ann\u00e9e, informe le participant sur les prestations auxquelles celui-ci aura droit au moment de sa retraite ou de sa fin d'emploi, ou pr\u00e9cise l'historique des donn\u00e9es de participation, ann\u00e9e par ann\u00e9e, selon les renseignements transmis \u00e0 la CARRA. ", "nature": "Professionnel", "niveauxservice": "Relev\u00e9 du participant: Diff\u00e9rentes date de mise \u00e0 la poste en fonction du r\u00e9gime de retraite", "applications": "", "responsable": "", "services": "Suivi de la participation \u00e0 un r\u00e9gime de retraite"}}, {"pk": 31, "model": "carra.service", "fields": {"volumetrie": null, "description": null, "nature": null, "niveauxservice": null, "applications": null, "responsable": null, "services": "Cotisation \u00e0 une association de retrait\u00e9s\n"}}, {"pk": 1, "model": "carra.actionterr", "fields": {"actionterr": "AT1", "description": "D\u00e9buter un emploi dans la fonction publique"}}, {"pk": 2, "model": "carra.actionterr", "fields": {"actionterr": "AT2", "description": "Changer d'emploi dans la fonction publique"}}, {"pk": 3, "model": "carra.actionterr", "fields": {"actionterr": "AT3", "description": "Revenir \u00e0 l'emploi dans la fonction publique"}}, {"pk": 4, "model": "carra.actionterr", "fields": {"actionterr": "AT4", "description": "Arr\u00e8t de cotisation"}}, {"pk": 5, "model": "carra.actionterr", "fields": {"actionterr": "AT5", "description": "Participer au r\u00e9gime de retraite"}}, {"pk": 6, "model": "carra.actionterr", "fields": {"actionterr": "AT6", "description": "Demande de transfert"}}, {"pk": 7, "model": "carra.actionterr", "fields": {"actionterr": "AT7", "description": "Racheter des p\u00e9riodes de services"}}, {"pk": 8, "model": "carra.actionterr", "fields": {"actionterr": "AT8", "description": "Remboursement des cotisations vers\u00e9es en trop"}}, {"pk": 9, "model": "carra.actionterr", "fields": {"actionterr": "AT9", "description": "Modification aux conditions d'emplois"}}, {"pk": 10, "model": "carra.actionterr", "fields": {"actionterr": "AT10", "description": "Obtenir une entente de d\u00e9part progressif"}}, {"pk": 11, "model": "carra.actionterr", "fields": {"actionterr": "AT11", "description": "Obtenir une retraite graduelle "}}, {"pk": 12, "model": "carra.actionterr", "fields": {"actionterr": "AT12", "description": "Obtenir une prestation d'invalidit\u00e9"}}, {"pk": 13, "model": "carra.actionterr", "fields": {"actionterr": "AT13", "description": "Obtenir une prestation de maladie en phase terminale"}}, {"pk": 14, "model": "carra.actionterr", "fields": {"actionterr": "AT14", "description": "Rupture de la vie \u00e0 deux"}}, {"pk": 15, "model": "carra.actionterr", "fields": {"actionterr": "AT15", "description": "Obtenir une rente de retraite"}}, {"pk": 16, "model": "carra.actionterr", "fields": {"actionterr": "AT16", "description": "Demande de calcul et d'estimation de la rente de retraite"}}, {"pk": 17, "model": "carra.actionterr", "fields": {"actionterr": "AT17", "description": "Changement bancaire"}}, {"pk": 18, "model": "carra.actionterr", "fields": {"actionterr": "AT18", "description": "Demande de changement d'adresse"}}, {"pk": 19, "model": "carra.actionterr", "fields": {"actionterr": "AT20", "description": "Demande de modification d'imp\u00f4t retenu sur la rente"}}, {"pk": 20, "model": "carra.actionterr", "fields": {"actionterr": "AT21", "description": "\u00c9mission de l'autorisation de donner des renseignements "}}, {"pk": 21, "model": "carra.actionterr", "fields": {"actionterr": "AT22", "description": "Demande de prestation de survivant"}}, {"pk": 22, "model": "carra.actionterr", "fields": {"actionterr": "AT23", "description": "Demande de r\u00e9examen"}}, {"pk": 23, "model": "carra.actionterr", "fields": {"actionterr": "AT24", "description": "D\u00e9claration d'une personne prestataire r\u00e9sidant \u00e0 l'ext\u00e9rieur du Qu\u00e9bec"}}, {"pk": 24, "model": "carra.actionterr", "fields": {"actionterr": "AT25", "description": "D\u00e9claration d'assujettissement "}}, {"pk": 25, "model": "carra.actionterr", "fields": {"actionterr": "AT26", "description": "Demande de rectification d'un renseignement personnel "}}, {"pk": 26, "model": "carra.actionterr", "fields": {"actionterr": "AT27", "description": "Avis de renonciation ou de r\u00e9vocation"}}, {"pk": 27, "model": "carra.actionterr", "fields": {"actionterr": "AT28", "description": "D\u00e9c\u00e8s"}}, {"pk": 28, "model": "carra.actionterr", "fields": {"actionterr": "AT29", "description": "Cr\u00e9ation d'une rente de retraite"}}, {"pk": 1, "model": "carra.serviceev", "fields": {"k_services": "Estimation d'un rachat de service", "k_evenement": "Absences", "evenement": 2, "service": 8}}, {"pk": 2, "model": "carra.serviceev", "fields": {"k_services": "Rachat de services", "k_evenement": "Absences", "evenement": 2, "service": 9}}, {"pk": 3, "model": "carra.serviceev", "fields": {"k_services": "Acquitement de la valeur des droits \u00e0 la conjointe ou au conjoint", "k_evenement": "Assistance personnelle", "evenement": 16, "service": 22}}, {"pk": 4, "model": "carra.serviceev", "fields": {"k_services": "Arbitrage", "k_evenement": "Assistance personnelle", "evenement": 16, "service": 2}}, {"pk": 5, "model": "carra.serviceev", "fields": {"k_services": "Calcul de la valeur des droits", "k_evenement": "Assistance personnelle", "evenement": 16, "service": 21}}, {"pk": 6, "model": "carra.serviceev", "fields": {"k_services": "D\u00e9duction pour certains organismes directement sur le paiement de la rente \n\u00abCotisation \u00e0 une association de retrait\u00e9s\u00bb", "k_evenement": "Assistance personnelle", "evenement": 16, "service": 25}}, {"pk": 7, "model": "carra.serviceev", "fields": {"k_services": "Diverses \u00e9tudes", "k_evenement": "Assistance personnelle", "evenement": 16, "service": 24}}, {"pk": 8, "model": "carra.serviceev", "fields": {"k_services": "Enregistrement de la participation \u00e0 un r\u00e9gime de retraite", "k_evenement": "Assistance personnelle", "evenement": 16, "service": 6}}, {"pk": 9, "model": "carra.serviceev", "fields": {"k_services": "Estimation de rente", "k_evenement": "Assistance personnelle", "evenement": 16, "service": 19}}, {"pk": 10, "model": "carra.serviceev", "fields": {"k_services": "\u00c9valuation actuarielle", "k_evenement": "Assistance personnelle", "evenement": 16, "service": 23}}, {"pk": 11, "model": "carra.serviceev", "fields": {"k_services": "Gestion des plaintes", "k_evenement": "Assistance personnelle", "evenement": 16, "service": 3}}, {"pk": 12, "model": "carra.serviceev", "fields": {"k_services": "Modification des retenus d'imp\u00f4t", "k_evenement": "Assistance personnelle", "evenement": 16, "service": 26}}, {"pk": 13, "model": "carra.serviceev", "fields": {"k_services": "Pr\u00e9paration \u00e0 la retraite (s\u00e9ance d'information)", "k_evenement": "Assistance personnelle", "evenement": 16, "service": 18}}, {"pk": 14, "model": "carra.serviceev", "fields": {"k_services": "Prestation \u00e0 un survivant", "k_evenement": "Assistance personnelle", "evenement": 16, "service": 12}}, {"pk": 15, "model": "carra.serviceev", "fields": {"k_services": "Prestation \u00e0 une personne en phase terminale", "k_evenement": "Assistance personnelle", "evenement": 16, "service": 14}}, {"pk": 16, "model": "carra.serviceev", "fields": {"k_services": "Prestation d'assurance vie aux h\u00e9ritiers \n(RREGOP, RRPE, RRAS (si inscrit dans le d\u00e9cret), Juges)\n\nAssurance-vie exc\u00e9dentaire", "k_evenement": "Assistance personnelle", "evenement": 16, "service": 5}}, {"pk": 17, "model": "carra.serviceev", "fields": {"k_services": "Prestation en cas d'invalidit\u00e9 ", "k_evenement": "Assistance personnelle", "evenement": 16, "service": 13}}, {"pk": 18, "model": "carra.serviceev", "fields": {"k_services": "Rachat de services", "k_evenement": "Assistance personnelle", "evenement": 16, "service": 9}}, {"pk": 19, "model": "carra.serviceev", "fields": {"k_services": "R\u00e9examen", "k_evenement": "Assistance personnelle", "evenement": 16, "service": 1}}, {"pk": 20, "model": "carra.serviceev", "fields": {"k_services": "Remboursement de cotisations vers\u00e9es en trop", "k_evenement": "Assistance personnelle", "evenement": 16, "service": 27}}, {"pk": 21, "model": "carra.serviceev", "fields": {"k_services": "Renonciation / r\u00e9vocation des droits", "k_evenement": "Assistance personnelle", "evenement": 16, "service": 15}}, {"pk": 22, "model": "carra.serviceev", "fields": {"k_services": "Retraite graduelle", "k_evenement": "Assistance personnelle", "evenement": 16, "service": 17}}, {"pk": 23, "model": "carra.serviceev", "fields": {"k_services": "Suivi /traitement de demandes", "k_evenement": "Assistance personnelle", "evenement": 16, "service": 28}}, {"pk": 24, "model": "carra.serviceev", "fields": {"k_services": "Transfert de la valeur de la rente diff\u00e9r\u00e9e vers un CRI ou un FRV", "k_evenement": "Assistance personnelle", "evenement": 16, "service": 11}}, {"pk": 25, "model": "carra.serviceev", "fields": {"k_services": "Transfert en vertu d'une entente", "k_evenement": "Assistance personnelle", "evenement": 16, "service": 4}}, {"pk": 26, "model": "carra.serviceev", "fields": {"k_services": "Transfert inter r\u00e9gimes", "k_evenement": "Assistance personnelle", "evenement": 16, "service": 10}}, {"pk": 27, "model": "carra.serviceev", "fields": {"k_services": "V\u00e9rification de l'admissibilit\u00e9 au d\u00e9part progressif", "k_evenement": "Assistance personnelle", "evenement": 16, "service": 16}}, {"pk": 28, "model": "carra.serviceev", "fields": {"k_services": "V\u00e9rification de l'admissibilit\u00e9 \u00e0 une assurance collective", "k_evenement": "Assistance personnelle", "evenement": 16, "service": 7}}, {"pk": 29, "model": "carra.serviceev", "fields": {"k_services": "Acquitement de la valeur des droits \u00e0 la conjointe ou au conjoint", "k_evenement": "Auto-service", "evenement": 18, "service": 22}}, {"pk": 30, "model": "carra.serviceev", "fields": {"k_services": "Arbitrage", "k_evenement": "Auto-service", "evenement": 18, "service": 2}}, {"pk": 31, "model": "carra.serviceev", "fields": {"k_services": "Calcul de la valeur des droits", "k_evenement": "Auto-service", "evenement": 18, "service": 21}}, {"pk": 32, "model": "carra.serviceev", "fields": {"k_services": "Enregistrement de la participation \u00e0 un r\u00e9gime de retraite", "k_evenement": "Auto-service", "evenement": 18, "service": 6}}, {"pk": 33, "model": "carra.serviceev", "fields": {"k_services": "Estimation d'un rachat de service", "k_evenement": "Auto-service", "evenement": 18, "service": 8}}, {"pk": 34, "model": "carra.serviceev", "fields": {"k_services": "Estimation de rente", "k_evenement": "Auto-service", "evenement": 18, "service": 19}}, {"pk": 35, "model": "carra.serviceev", "fields": {"k_services": "Gestion des plaintes", "k_evenement": "Auto-service", "evenement": 18, "service": 3}}, {"pk": 36, "model": "carra.serviceev", "fields": {"k_services": "Modification des retenus d'imp\u00f4t", "k_evenement": "Auto-service", "evenement": 18, "service": 26}}, {"pk": 37, "model": "carra.serviceev", "fields": {"k_services": "Pr\u00e9paration \u00e0 la retraite (s\u00e9ance d'information)", "k_evenement": "Auto-service", "evenement": 18, "service": 18}}, {"pk": 38, "model": "carra.serviceev", "fields": {"k_services": "Prestation \u00e0 un survivant", "k_evenement": "Auto-service", "evenement": 18, "service": 12}}, {"pk": 39, "model": "carra.serviceev", "fields": {"k_services": "Prestation \u00e0 une personne en phase terminale", "k_evenement": "Auto-service", "evenement": 18, "service": 14}}, {"pk": 40, "model": "carra.serviceev", "fields": {"k_services": "Prestation d'assurance vie aux h\u00e9ritiers \n(RREGOP, RRPE, RRAS (si inscrit dans le d\u00e9cret), Juges)\nAssurance-vie exc\u00e9dentaire", "k_evenement": "Auto-service", "evenement": 18, "service": 5}}, {"pk": 41, "model": "carra.serviceev", "fields": {"k_services": "Prestation en cas d'invalidit\u00e9 ", "k_evenement": "Auto-service", "evenement": 18, "service": 13}}, {"pk": 42, "model": "carra.serviceev", "fields": {"k_services": "Rachat de services", "k_evenement": "Auto-service", "evenement": 18, "service": 9}}, {"pk": 43, "model": "carra.serviceev", "fields": {"k_services": "R\u00e9examen", "k_evenement": "Auto-service", "evenement": 18, "service": 1}}, {"pk": 44, "model": "carra.serviceev", "fields": {"k_services": "Renonciation / r\u00e9vocation des droits", "k_evenement": "Auto-service", "evenement": 18, "service": 15}}, {"pk": 45, "model": "carra.serviceev", "fields": {"k_services": "Retraite graduelle", "k_evenement": "Auto-service", "evenement": 18, "service": 17}}, {"pk": 46, "model": "carra.serviceev", "fields": {"k_services": "Transfert de la valeur de la rente diff\u00e9r\u00e9e vers un CRI ou un FRV", "k_evenement": "Auto-service", "evenement": 18, "service": 11}}, {"pk": 47, "model": "carra.serviceev", "fields": {"k_services": "Transfert en vertu d'une entente", "k_evenement": "Auto-service", "evenement": 18, "service": 4}}, {"pk": 48, "model": "carra.serviceev", "fields": {"k_services": "Transfert inter r\u00e9gimes", "k_evenement": "Auto-service", "evenement": 18, "service": 10}}, {"pk": 49, "model": "carra.serviceev", "fields": {"k_services": "V\u00e9rification de l'admissibilit\u00e9 au d\u00e9part progressif", "k_evenement": "Auto-service", "evenement": 18, "service": 16}}, {"pk": 50, "model": "carra.serviceev", "fields": {"k_services": "V\u00e9rification de l'admissibilit\u00e9 \u00e0 une assurance collective", "k_evenement": "Auto-service", "evenement": 18, "service": 7}}, {"pk": 51, "model": "carra.serviceev", "fields": {"k_services": "Acquitement de la valeur des droits \u00e0 la conjointe ou au conjoint", "k_evenement": "B\u00e9n\u00e9ficiaires", "evenement": 14, "service": 22}}, {"pk": 52, "model": "carra.serviceev", "fields": {"k_services": "Arbitrage", "k_evenement": "B\u00e9n\u00e9ficiaires", "evenement": 14, "service": 2}}, {"pk": 53, "model": "carra.serviceev", "fields": {"k_services": "Calcul de la valeur des droits", "k_evenement": "B\u00e9n\u00e9ficiaires", "evenement": 14, "service": 21}}, {"pk": 54, "model": "carra.serviceev", "fields": {"k_services": "Gestion des plaintes", "k_evenement": "B\u00e9n\u00e9ficiaires", "evenement": 14, "service": 3}}, {"pk": 55, "model": "carra.serviceev", "fields": {"k_services": "Pr\u00e9paration \u00e0 la retraite (s\u00e9ance d'information)", "k_evenement": "B\u00e9n\u00e9ficiaires", "evenement": 14, "service": 18}}, {"pk": 56, "model": "carra.serviceev", "fields": {"k_services": "Prestation \u00e0 un survivant", "k_evenement": "B\u00e9n\u00e9ficiaires", "evenement": 14, "service": 12}}, {"pk": 57, "model": "carra.serviceev", "fields": {"k_services": "Prestation \u00e0 une personne en phase terminale", "k_evenement": "B\u00e9n\u00e9ficiaires", "evenement": 14, "service": 14}}, {"pk": 58, "model": "carra.serviceev", "fields": {"k_services": "Prestation d'assurance vie aux h\u00e9ritiers \n(RREGOP, RRPE, RRAS (si inscrit dans le d\u00e9cret), Juges)\nAssurance-vie exc\u00e9dentaire", "k_evenement": "B\u00e9n\u00e9ficiaires", "evenement": 14, "service": 5}}, {"pk": 59, "model": "carra.serviceev", "fields": {"k_services": "Prestation en cas d'invalidit\u00e9 ", "k_evenement": "B\u00e9n\u00e9ficiaires", "evenement": 14, "service": 13}}, {"pk": 60, "model": "carra.serviceev", "fields": {"k_services": "R\u00e9examen", "k_evenement": "B\u00e9n\u00e9ficiaires", "evenement": 14, "service": 1}}, {"pk": 61, "model": "carra.serviceev", "fields": {"k_services": "Renonciation / r\u00e9vocation des droits", "k_evenement": "B\u00e9n\u00e9ficiaires", "evenement": 14, "service": 15}}, {"pk": 62, "model": "carra.serviceev", "fields": {"k_services": "Suivi /traitement de demandes", "k_evenement": "B\u00e9n\u00e9ficiaires", "evenement": 14, "service": 28}}, {"pk": 63, "model": "carra.serviceev", "fields": {"k_services": "Transfert de la valeur de la rente diff\u00e9r\u00e9e vers un CRI ou un FRV", "k_evenement": "B\u00e9n\u00e9ficiaires", "evenement": 14, "service": 11}}, {"pk": 64, "model": "carra.serviceev", "fields": {"k_services": "Transfert en vertu d'une entente", "k_evenement": "B\u00e9n\u00e9ficiaires", "evenement": 14, "service": 4}}, {"pk": 65, "model": "carra.serviceev", "fields": {"k_services": "Rachat de services", "k_evenement": "Changements d'eplois", "evenement": 3, "service": 9}}, {"pk": 66, "model": "carra.serviceev", "fields": {"k_services": "Transfert de la valeur de la rente diff\u00e9r\u00e9e vers un CRI ou un FRV", "k_evenement": "Changements d'eplois", "evenement": 3, "service": 11}}, {"pk": 67, "model": "carra.serviceev", "fields": {"k_services": "Transfert en vertu d'une entente", "k_evenement": "Changements d'eplois", "evenement": 3, "service": 4}}, {"pk": 68, "model": "carra.serviceev", "fields": {"k_services": "Transfert inter r\u00e9gimes", "k_evenement": "Changements d'eplois", "evenement": 3, "service": 10}}, {"pk": 69, "model": "carra.serviceev", "fields": {"k_services": "Formation aux employeurs", "k_evenement": "Demande d'information", "evenement": 8, "service": 29}}, {"pk": 70, "model": "carra.serviceev", "fields": {"k_services": "Suivi /traitement de demandes", "k_evenement": "Demande d'information", "evenement": 8, "service": 28}}, {"pk": 71, "model": "carra.serviceev", "fields": {"k_services": "Diverses \u00e9tudes", "k_evenement": "Demande de soutien", "evenement": 11, "service": 24}}, {"pk": 72, "model": "carra.serviceev", "fields": {"k_services": "\u00c9valuation actuarielle", "k_evenement": "Demande de soutien", "evenement": 11, "service": 23}}, {"pk": 73, "model": "carra.serviceev", "fields": {"k_services": "D\u00e9duction pour certains organismes directement sur le paiement de la rente \n\u00abCotisation \u00e0 une association de retrait\u00e9s\u00bb", "k_evenement": "Demande op\u00e9rationnelle", "evenement": 9, "service": 25}}, {"pk": 74, "model": "carra.serviceev", "fields": {"k_services": "Formation aux employeurs", "k_evenement": "Demande op\u00e9rationnelle", "evenement": 9, "service": 29}}, {"pk": 75, "model": "carra.serviceev", "fields": {"k_services": "Modification des retenus d'imp\u00f4t", "k_evenement": "Demande op\u00e9rationnelle", "evenement": 9, "service": 26}}, {"pk": 76, "model": "carra.serviceev", "fields": {"k_services": "Remboursement de cotisations vers\u00e9es en trop", "k_evenement": "Demande op\u00e9rationnelle", "evenement": 9, "service": 27}}, {"pk": 77, "model": "carra.serviceev", "fields": {"k_services": "Enregistrement de la participation \u00e0 un r\u00e9gime de retraite", "k_evenement": "Employeurs assujettis", "evenement": 13, "service": 6}}, {"pk": 78, "model": "carra.serviceev", "fields": {"k_services": "Formation aux employeurs", "k_evenement": "Employeurs assujettis", "evenement": 13, "service": 29}}, {"pk": 79, "model": "carra.serviceev", "fields": {"k_services": "Retraite graduelle", "k_evenement": "Employeurs assujettis", "evenement": 13, "service": 17}}, {"pk": 80, "model": "carra.serviceev", "fields": {"k_services": "Suivi /traitement de demandes", "k_evenement": "Employeurs assujettis", "evenement": 13, "service": 28}}, {"pk": 81, "model": "carra.serviceev", "fields": {"k_services": "V\u00e9rification de l'admissibilit\u00e9 \u00e0 une assurance collective", "k_evenement": "Employeurs assujettis", "evenement": 13, "service": 7}}, {"pk": 82, "model": "carra.serviceev", "fields": {"k_services": "Enregistrement de la participation \u00e0 un r\u00e9gime de retraite", "k_evenement": "Entr\u00e9 en fonction / retour au travail", "evenement": 1, "service": 6}}, {"pk": 83, "model": "carra.serviceev", "fields": {"k_services": "V\u00e9rification de l'admissibilit\u00e9 \u00e0 une assurance collective", "k_evenement": "Entr\u00e9 en fonction / retour au travail", "evenement": 1, "service": 7}}, {"pk": 84, "model": "carra.serviceev", "fields": {"k_services": "Prestation \u00e0 un survivant", "k_evenement": "Invalidit\u00e9 / D\u00e9c\u00e8s", "evenement": 4, "service": 12}}, {"pk": 85, "model": "carra.serviceev", "fields": {"k_services": "Prestation \u00e0 une personne en phase terminale", "k_evenement": "Invalidit\u00e9 / D\u00e9c\u00e8s", "evenement": 4, "service": 14}}, {"pk": 86, "model": "carra.serviceev", "fields": {"k_services": "Prestation d'assurance vie aux h\u00e9ritiers \n(RREGOP, RRPE, RRAS (si inscrit dans le d\u00e9cret), Juges)\nAssurance-vie exc\u00e9dentaire", "k_evenement": "Invalidit\u00e9 / D\u00e9c\u00e8s", "evenement": 4, "service": 5}}, {"pk": 87, "model": "carra.serviceev", "fields": {"k_services": "Prestation en cas d'invalidit\u00e9 ", "k_evenement": "Invalidit\u00e9 / D\u00e9c\u00e8s", "evenement": 4, "service": 13}}, {"pk": 88, "model": "carra.serviceev", "fields": {"k_services": "Renonciation / r\u00e9vocation des droits", "k_evenement": "Invalidit\u00e9 / D\u00e9c\u00e8s", "evenement": 4, "service": 15}}, {"pk": 89, "model": "carra.serviceev", "fields": {"k_services": "Acquitement de la valeur des droits \u00e0 la conjointe ou au conjoint", "k_evenement": "Participants", "evenement": 12, "service": 22}}, {"pk": 90, "model": "carra.serviceev", "fields": {"k_services": "Arbitrage", "k_evenement": "Participants", "evenement": 12, "service": 2}}, {"pk": 91, "model": "carra.serviceev", "fields": {"k_services": "Calcul de la valeur des droits", "k_evenement": "Participants", "evenement": 12, "service": 21}}, {"pk": 92, "model": "carra.serviceev", "fields": {"k_services": "D\u00e9duction pour certains organismes directement sur le paiement de la rente \n\u00abCotisation \u00e0 une association de retrait\u00e9s\u00bb", "k_evenement": "Participants", "evenement": 12, "service": 25}}, {"pk": 93, "model": "carra.serviceev", "fields": {"k_services": "Enregistrement de la participation \u00e0 un r\u00e9gime de retraite", "k_evenement": "Participants", "evenement": 12, "service": 6}}, {"pk": 94, "model": "carra.serviceev", "fields": {"k_services": "Estimation d'un rachat de service", "k_evenement": "Participants", "evenement": 12, "service": 8}}, {"pk": 95, "model": "carra.serviceev", "fields": {"k_services": "Estimation de rente", "k_evenement": "Participants", "evenement": 12, "service": 19}}, {"pk": 96, "model": "carra.serviceev", "fields": {"k_services": "Gestion des plaintes", "k_evenement": "Participants", "evenement": 12, "service": 3}}, {"pk": 97, "model": "carra.serviceev", "fields": {"k_services": "Modification des retenus d'imp\u00f4t", "k_evenement": "Participants", "evenement": 12, "service": 26}}, {"pk": 98, "model": "carra.serviceev", "fields": {"k_services": "Paiement d'une rente de retraite (versement)", "k_evenement": "Participants", "evenement": 12, "service": 20}}, {"pk": 99, "model": "carra.serviceev", "fields": {"k_services": "Pr\u00e9paration \u00e0 la retraite (s\u00e9ance d'information)", "k_evenement": "Participants", "evenement": 12, "service": 18}}, {"pk": 100, "model": "carra.serviceev", "fields": {"k_services": "Rachat de services", "k_evenement": "Participants", "evenement": 12, "service": 9}}, {"pk": 101, "model": "carra.serviceev", "fields": {"k_services": "R\u00e9examen", "k_evenement": "Participants", "evenement": 12, "service": 1}}, {"pk": 102, "model": "carra.serviceev", "fields": {"k_services": "Remboursement de cotisations vers\u00e9es en trop", "k_evenement": "Participants", "evenement": 12, "service": 27}}, {"pk": 103, "model": "carra.serviceev", "fields": {"k_services": "Retraite graduelle", "k_evenement": "Participants", "evenement": 12, "service": 17}}, {"pk": 104, "model": "carra.serviceev", "fields": {"k_services": "Suivi /traitement de demandes", "k_evenement": "Participants", "evenement": 12, "service": 28}}, {"pk": 105, "model": "carra.serviceev", "fields": {"k_services": "Transfert en vertu d'une entente", "k_evenement": "Participants", "evenement": 12, "service": 4}}, {"pk": 106, "model": "carra.serviceev", "fields": {"k_services": "Transfert inter r\u00e9gimes", "k_evenement": "Participants", "evenement": 12, "service": 10}}, {"pk": 107, "model": "carra.serviceev", "fields": {"k_services": "V\u00e9rification de l'admissibilit\u00e9 au d\u00e9part progressif", "k_evenement": "Participants", "evenement": 12, "service": 16}}, {"pk": 108, "model": "carra.serviceev", "fields": {"k_services": "V\u00e9rification de l'admissibilit\u00e9 \u00e0 une assurance collective", "k_evenement": "Participants", "evenement": 12, "service": 7}}, {"pk": 109, "model": "carra.serviceev", "fields": {"k_services": "Diverses \u00e9tudes", "k_evenement": "Parties n\u00e9gociantes", "evenement": 15, "service": 24}}, {"pk": 110, "model": "carra.serviceev", "fields": {"k_services": "\u00c9valuation actuarielle", "k_evenement": "Parties n\u00e9gociantes", "evenement": 15, "service": 23}}, {"pk": 111, "model": "carra.serviceev", "fields": {"k_services": "Suivi /traitement de demandes", "k_evenement": "Parties n\u00e9gociantes", "evenement": 15, "service": 28}}, {"pk": 112, "model": "carra.serviceev", "fields": {"k_services": "Diverses \u00e9tudes", "k_evenement": "Projet de loi", "evenement": 10, "service": 24}}, {"pk": 113, "model": "carra.serviceev", "fields": {"k_services": "Arbitrage", "k_evenement": "Recours", "evenement": 7, "service": 2}}, {"pk": 114, "model": "carra.serviceev", "fields": {"k_services": "Gestion des plaintes", "k_evenement": "Recours", "evenement": 7, "service": 3}}, {"pk": 115, "model": "carra.serviceev", "fields": {"k_services": "R\u00e9examen", "k_evenement": "Recours", "evenement": 7, "service": 1}}, {"pk": 116, "model": "carra.serviceev", "fields": {"k_services": "Formation aux employeurs", "k_evenement": "Repr\u00e9sentant d\u00e9di\u00e9", "evenement": 17, "service": 29}}, {"pk": 117, "model": "carra.serviceev", "fields": {"k_services": "D\u00e9duction pour certains organismes directement sur le paiement de la rente \n\u00abCotisation \u00e0 une association de retrait\u00e9s\u00bb", "k_evenement": "Retraite ", "evenement": 6, "service": 25}}, {"pk": 118, "model": "carra.serviceev", "fields": {"k_services": "Estimation de rente", "k_evenement": "Retraite ", "evenement": 6, "service": 19}}, {"pk": 119, "model": "carra.serviceev", "fields": {"k_services": "Paiement d'une rente de retraite (versement)", "k_evenement": "Retraite ", "evenement": 6, "service": 20}}, {"pk": 120, "model": "carra.serviceev", "fields": {"k_services": "Pr\u00e9paration \u00e0 la retraite (s\u00e9ance d'information)", "k_evenement": "Retraite ", "evenement": 6, "service": 18}}, {"pk": 121, "model": "carra.serviceev", "fields": {"k_services": "Retraite graduelle", "k_evenement": "Retraite ", "evenement": 6, "service": 17}}, {"pk": 122, "model": "carra.serviceev", "fields": {"k_services": "V\u00e9rification de l'admissibilit\u00e9 au d\u00e9part progressif", "k_evenement": "Retraite ", "evenement": 6, "service": 16}}, {"pk": 123, "model": "carra.serviceev", "fields": {"k_services": "Acquitement de la valeur des droits \u00e0 la conjointe ou au conjoint", "k_evenement": "Rupture de la vie \u00e0 deux", "evenement": 5, "service": 22}}, {"pk": 124, "model": "carra.serviceev", "fields": {"k_services": "Calcul de la valeur des droits", "k_evenement": "Rupture de la vie \u00e0 deux", "evenement": 5, "service": 21}}, {"pk": 125, "model": "carra.serviceev", "fields": {"k_services": "Acquitement de la valeur des droits \u00e0 la conjointe ou au conjoint", "k_evenement": "Services automatis\u00e9s", "evenement": 19, "service": 22}}, {"pk": 126, "model": "carra.serviceev", "fields": {"k_services": "D\u00e9duction pour certains organismes directement sur le paiement de la rente \n\u00abCotisation \u00e0 une association de retrait\u00e9s\u00bb", "k_evenement": "Services automatis\u00e9s", "evenement": 19, "service": 25}}, {"pk": 127, "model": "carra.serviceev", "fields": {"k_services": "Enregistrement de la participation \u00e0 un r\u00e9gime de retraite", "k_evenement": "Services automatis\u00e9s", "evenement": 19, "service": 6}}, {"pk": 128, "model": "carra.serviceev", "fields": {"k_services": "Estimation de rente", "k_evenement": "Services automatis\u00e9s", "evenement": 19, "service": 19}}, {"pk": 129, "model": "carra.serviceev", "fields": {"k_services": "Formation aux employeurs", "k_evenement": "Services automatis\u00e9s", "evenement": 19, "service": 29}}, {"pk": 130, "model": "carra.serviceev", "fields": {"k_services": "Paiement d'une rente de retraite (versement)", "k_evenement": "Services automatis\u00e9s", "evenement": 19, "service": 20}}, {"pk": 131, "model": "carra.serviceev", "fields": {"k_services": "Pr\u00e9paration \u00e0 la retraite (s\u00e9ance d'information)", "k_evenement": "Services automatis\u00e9s", "evenement": 19, "service": 18}}, {"pk": 132, "model": "carra.serviceev", "fields": {"k_services": "Prestation d'assurance vie aux h\u00e9ritiers \n(RREGOP, RRPE, RRAS (si inscrit dans le d\u00e9cret), Juges)\nAssurance-vie exc\u00e9dentaire", "k_evenement": "Services automatis\u00e9s", "evenement": 19, "service": 5}}, {"pk": 133, "model": "carra.serviceev", "fields": {"k_services": "Remboursement de cotisations vers\u00e9es en trop", "k_evenement": "Services automatis\u00e9s", "evenement": 19, "service": 27}}, {"pk": 1, "model": "carra.serviceproc", "fields": {"k_services": "Enregistrement de la participation \u00e0 un r\u00e9gime de retraite", "processus": 2, "service": 6, "k_processus": "A3.1"}}, {"pk": 2, "model": "carra.serviceproc", "fields": {"k_services": "Enregistrement de la participation \u00e0 un r\u00e9gime de retraite", "processus": 3, "service": 6, "k_processus": "A3.2"}}, {"pk": 3, "model": "carra.serviceproc", "fields": {"k_services": "Enregistrement de la participation \u00e0 un r\u00e9gime de retraite", "processus": 4, "service": 6, "k_processus": "A3.3"}}, {"pk": 4, "model": "carra.serviceproc", "fields": {"k_services": "Enregistrement de la participation \u00e0 un r\u00e9gime de retraite", "processus": 5, "service": 6, "k_processus": "A3.4.1"}}, {"pk": 5, "model": "carra.serviceproc", "fields": {"k_services": "Rachat de services", "processus": 1, "service": 9, "k_processus": "A3.4.2"}}, {"pk": 6, "model": "carra.serviceproc", "fields": {"k_services": "Renonciation / r\u00e9vocation des droits", "processus": 1, "service": 15, "k_processus": "A3.4.2"}}, {"pk": 7, "model": "carra.serviceproc", "fields": {"k_services": "Modification des retenus d'imp\u00f4t", "processus": 1, "service": 26, "k_processus": "A3.4.2"}}, {"pk": 8, "model": "carra.serviceproc", "fields": {"k_services": "Enregistrement de la participation \u00e0 un r\u00e9gime de retraite", "processus": 1, "service": 6, "k_processus": "A3.4.2"}}, {"pk": 9, "model": "carra.serviceproc", "fields": {"k_services": "R\u00e9examen", "processus": 6, "service": 1, "k_processus": "A4.1"}}, {"pk": 10, "model": "carra.serviceproc", "fields": {"k_services": "R\u00e9examen", "processus": 7, "service": 1, "k_processus": "A4.2"}}, {"pk": 11, "model": "carra.serviceproc", "fields": {"k_services": "Arbitrage", "processus": 8, "service": 2, "k_processus": "A4.3"}}, {"pk": 12, "model": "carra.serviceproc", "fields": {"k_services": "Transfert en vertu d'une entente", "processus": 12, "service": 4, "k_processus": "A6.1"}}, {"pk": 13, "model": "carra.serviceproc", "fields": {"k_services": "Prestation d'assurance vie aux h\u00e9ritiers ", "processus": 12, "service": 5, "k_processus": "A6.1"}}, {"pk": 14, "model": "carra.serviceproc", "fields": {"k_services": "V\u00e9rification de l'admissibilit\u00e9 \u00e0 une assurance collective", "processus": 12, "service": 7, "k_processus": "A6.1"}}, {"pk": 15, "model": "carra.serviceproc", "fields": {"k_services": "Rachat de services", "processus": 12, "service": 9, "k_processus": "A6.1"}}, {"pk": 16, "model": "carra.serviceproc", "fields": {"k_services": "Transfert inter r\u00e9gimes", "processus": 12, "service": 10, "k_processus": "A6.1"}}, {"pk": 17, "model": "carra.serviceproc", "fields": {"k_services": "Transfert de la valeur de la rente diff\u00e9r\u00e9e vers un CRI ou un FRV", "processus": 12, "service": 11, "k_processus": "A6.1"}}, {"pk": 18, "model": "carra.serviceproc", "fields": {"k_services": "Prestation \u00e0 un survivant", "processus": 12, "service": 12, "k_processus": "A6.1"}}, {"pk": 19, "model": "carra.serviceproc", "fields": {"k_services": "Prestation en cas d'invalidit\u00e9 ", "processus": 12, "service": 13, "k_processus": "A6.1"}}, {"pk": 20, "model": "carra.serviceproc", "fields": {"k_services": "Prestation \u00e0 une personne en phase terminale", "processus": 12, "service": 14, "k_processus": "A6.1"}}, {"pk": 21, "model": "carra.serviceproc", "fields": {"k_services": "V\u00e9rification de l'admissibilit\u00e9 au d\u00e9part progressif", "processus": 12, "service": 16, "k_processus": "A6.1"}}, {"pk": 22, "model": "carra.serviceproc", "fields": {"k_services": "Retraite graduelle", "processus": 12, "service": 17, "k_processus": "A6.1"}}, {"pk": 23, "model": "carra.serviceproc", "fields": {"k_services": "Estimation de rente", "processus": 12, "service": 19, "k_processus": "A6.1"}}, {"pk": 24, "model": "carra.serviceproc", "fields": {"k_services": "Calcul de la valeur des droits", "processus": 12, "service": 21, "k_processus": "A6.1"}}, {"pk": 25, "model": "carra.serviceproc", "fields": {"k_services": "Remboursement de cotisations vers\u00e9es en trop", "processus": 12, "service": 27, "k_processus": "A6.1"}}, {"pk": 26, "model": "carra.serviceproc", "fields": {"k_services": "Rachat de services", "processus": 13, "service": 9, "k_processus": "A6.2"}}, {"pk": 27, "model": "carra.serviceproc", "fields": {"k_services": "Prestation \u00e0 un survivant", "processus": 14, "service": 12, "k_processus": "A6.2.1"}}, {"pk": 28, "model": "carra.serviceproc", "fields": {"k_services": "V\u00e9rification de l'admissibilit\u00e9 au d\u00e9part progressif", "processus": 14, "service": 16, "k_processus": "A6.2.1"}}, {"pk": 29, "model": "carra.serviceproc", "fields": {"k_services": "Retraite graduelle", "processus": 14, "service": 17, "k_processus": "A6.2.1"}}, {"pk": 30, "model": "carra.serviceproc", "fields": {"k_services": "Paiement d'une rente de retraite", "processus": 14, "service": 20, "k_processus": "A6.2.1"}}, {"pk": 31, "model": "carra.serviceproc", "fields": {"k_services": "Cotisation \u00e0 une association de retrait\u00e9s", "processus": 14, "service": 31, "k_processus": "A6.2.1"}}, {"pk": 32, "model": "carra.serviceproc", "fields": {"k_services": "Prestation d'assurance vie aux h\u00e9ritiers ", "processus": 15, "service": 5, "k_processus": "A6.2.2"}}, {"pk": 33, "model": "carra.serviceproc", "fields": {"k_services": "Prestation \u00e0 un survivant", "processus": 15, "service": 12, "k_processus": "A6.2.2"}}, {"pk": 34, "model": "carra.serviceproc", "fields": {"k_services": "Retraite graduelle", "processus": 15, "service": 17, "k_processus": "A6.2.2"}}, {"pk": 35, "model": "carra.serviceproc", "fields": {"k_services": "Cotisation \u00e0 une association de retrait\u00e9s", "processus": 15, "service": 31, "k_processus": "A6.2.2"}}, {"pk": 36, "model": "carra.serviceproc", "fields": {"k_services": "Remboursement de cotisations vers\u00e9es en trop", "processus": 16, "service": 27, "k_processus": "A6.2.3"}}, {"pk": 37, "model": "carra.serviceproc", "fields": {"k_services": "Transfert en vertu d'une entente", "processus": 17, "service": 4, "k_processus": "A6.2.4"}}, {"pk": 38, "model": "carra.serviceproc", "fields": {"k_services": "Transfert inter r\u00e9gimes", "processus": 17, "service": 10, "k_processus": "A6.2.4"}}, {"pk": 39, "model": "carra.serviceproc", "fields": {"k_services": "Transfert de la valeur de la rente diff\u00e9r\u00e9e vers un CRI ou un FRV", "processus": 17, "service": 11, "k_processus": "A6.2.4"}}, {"pk": 40, "model": "carra.serviceproc", "fields": {"k_services": "Estimation d'un rachat de service", "processus": 18, "service": 8, "k_processus": "A6.2.5"}}, {"pk": 41, "model": "carra.serviceproc", "fields": {"k_services": "Rachat de services", "processus": 18, "service": 9, "k_processus": "A6.2.5"}}, {"pk": 42, "model": "carra.serviceproc", "fields": {"k_services": "Calcul de la valeur des droits", "processus": 19, "service": 21, "k_processus": "A6.2.6"}}, {"pk": 43, "model": "carra.serviceproc", "fields": {"k_services": "Remboursement de cotisations vers\u00e9es en trop", "processus": 20, "service": 27, "k_processus": "A6.3"}}, {"pk": 44, "model": "carra.serviceproc", "fields": {"k_services": "Transfert de la valeur de la rente diff\u00e9r\u00e9e vers un CRI ou un FRV", "processus": 20, "service": 11, "k_processus": "A6.3"}}, {"pk": 45, "model": "carra.serviceproc", "fields": {"k_services": "Calcul de la valeur des droits", "processus": 20, "service": 21, "k_processus": "A6.3"}}, {"pk": 46, "model": "carra.serviceproc", "fields": {"k_services": "Prestation \u00e0 un survivant", "processus": 20, "service": 12, "k_processus": "A6.3"}}, {"pk": 47, "model": "carra.serviceproc", "fields": {"k_services": "Retraite graduelle", "processus": 20, "service": 17, "k_processus": "A6.3"}}, {"pk": 48, "model": "carra.serviceproc", "fields": {"k_services": "Paiement d'une rente de retraite", "processus": 20, "service": 20, "k_processus": "A6.3"}}, {"pk": 49, "model": "carra.serviceproc", "fields": {"k_services": "Suivi /traitement de demandes", "processus": 21, "service": 28, "k_processus": "P1"}}, {"pk": 50, "model": "carra.serviceproc", "fields": {"k_services": "Formation aux employeurs", "processus": 22, "service": 29, "k_processus": "P10"}}, {"pk": 51, "model": "carra.serviceproc", "fields": {"k_services": "Suivi de la participation \u00e0 un r\u00e9gime de retraite", "processus": 26, "service": 30, "k_processus": "P14"}}, {"pk": 52, "model": "carra.serviceproc", "fields": {"k_services": "Gestion des plaintes", "processus": 29, "service": 3, "k_processus": "P17"}}, {"pk": 53, "model": "carra.serviceproc", "fields": {"k_services": "Suivi /traitement de demandes", "processus": 32, "service": 28, "k_processus": "P2"}}, {"pk": 54, "model": "carra.serviceproc", "fields": {"k_services": "Enregistrement de la participation \u00e0 un r\u00e9gime de retraite", "processus": 38, "service": 6, "k_processus": "P3"}}, {"pk": 55, "model": "carra.serviceproc", "fields": {"k_services": "Rachat de services", "processus": 38, "service": 9, "k_processus": "P3"}}, {"pk": 56, "model": "carra.serviceproc", "fields": {"k_services": "Renonciation / r\u00e9vocation des droits", "processus": 38, "service": 15, "k_processus": "P3"}}, {"pk": 57, "model": "carra.serviceproc", "fields": {"k_services": "Modification des retenus d'imp\u00f4t", "processus": 38, "service": 26, "k_processus": "P3"}}, {"pk": 58, "model": "carra.serviceproc", "fields": {"k_services": "R\u00e9examen", "processus": 39, "service": 1, "k_processus": "P4"}}, {"pk": 59, "model": "carra.serviceproc", "fields": {"k_services": "Arbitrage", "processus": 39, "service": 2, "k_processus": "P4"}}, {"pk": 60, "model": "carra.serviceproc", "fields": {"k_services": "Transfert en vertu d'une entente", "processus": 41, "service": 4, "k_processus": "P6"}}, {"pk": 61, "model": "carra.serviceproc", "fields": {"k_services": "Prestation d'assurance vie aux h\u00e9ritiers ", "processus": 41, "service": 5, "k_processus": "P6"}}, {"pk": 62, "model": "carra.serviceproc", "fields": {"k_services": "V\u00e9rification de l'admissibilit\u00e9 \u00e0 une assurance collective", "processus": 41, "service": 7, "k_processus": "P6"}}, {"pk": 63, "model": "carra.serviceproc", "fields": {"k_services": "Estimation d'un rachat de service", "processus": 41, "service": 8, "k_processus": "P6"}}, {"pk": 64, "model": "carra.serviceproc", "fields": {"k_services": "Rachat de services", "processus": 41, "service": 9, "k_processus": "P6"}}, {"pk": 65, "model": "carra.serviceproc", "fields": {"k_services": "Transfert inter r\u00e9gimes", "processus": 41, "service": 10, "k_processus": "P6"}}, {"pk": 66, "model": "carra.serviceproc", "fields": {"k_services": "Transfert de la valeur de la rente diff\u00e9r\u00e9e vers un CRI ou un FRV", "processus": 41, "service": 11, "k_processus": "P6"}}, {"pk": 67, "model": "carra.serviceproc", "fields": {"k_services": "Prestation \u00e0 un survivant", "processus": 41, "service": 12, "k_processus": "P6"}}, {"pk": 68, "model": "carra.serviceproc", "fields": {"k_services": "Prestation en cas d'invalidit\u00e9 ", "processus": 41, "service": 13, "k_processus": "P6"}}, {"pk": 69, "model": "carra.serviceproc", "fields": {"k_services": "Prestation \u00e0 une personne en phase terminale", "processus": 41, "service": 14, "k_processus": "P6"}}, {"pk": 70, "model": "carra.serviceproc", "fields": {"k_services": "V\u00e9rification de l'admissibilit\u00e9 au d\u00e9part progressif", "processus": 41, "service": 16, "k_processus": "P6"}}, {"pk": 71, "model": "carra.serviceproc", "fields": {"k_services": "Retraite graduelle", "processus": 41, "service": 17, "k_processus": "P6"}}, {"pk": 72, "model": "carra.serviceproc", "fields": {"k_services": "Estimation de rente", "processus": 41, "service": 19, "k_processus": "P6"}}, {"pk": 73, "model": "carra.serviceproc", "fields": {"k_services": "Paiement d'une rente de retraite", "processus": 41, "service": 20, "k_processus": "P6"}}, {"pk": 74, "model": "carra.serviceproc", "fields": {"k_services": "Calcul de la valeur des droits", "processus": 41, "service": 21, "k_processus": "P6"}}, {"pk": 75, "model": "carra.serviceproc", "fields": {"k_services": "Acquitement de la valeur des droits \u00e0 la conjointe ou au conjoint", "processus": 41, "service": 22, "k_processus": "P6"}}, {"pk": 76, "model": "carra.serviceproc", "fields": {"k_services": "Cotisation \u00e0 une association de retrait\u00e9s", "processus": 41, "service": 31, "k_processus": "P6"}}, {"pk": 77, "model": "carra.serviceproc", "fields": {"k_services": "Remboursement de cotisations vers\u00e9es en trop", "processus": 41, "service": 27, "k_processus": "P6"}}, {"pk": 78, "model": "carra.serviceproc", "fields": {"k_services": "\u00c9valuation actuarielle", "processus": 42, "service": 23, "k_processus": "P7"}}, {"pk": 79, "model": "carra.serviceproc", "fields": {"k_services": "Diverses \u00e9tudes", "processus": 43, "service": 24, "k_processus": "P8"}}, {"pk": 1, "model": "carra.serviceat", "fields": {"k_services": "Enregistrement de la participation \u00e0 un r\u00e9gime de retraite", "k_actionterr": "AT1", "service": 6, "actionterr": 1}}, {"pk": 2, "model": "carra.serviceat", "fields": {"k_services": "V\u00e9rification de l'admissibilit\u00e9 \u00e0 une assurance collective", "k_actionterr": "AT1", "service": 7, "actionterr": 1}}, {"pk": 3, "model": "carra.serviceat", "fields": {"k_services": "V\u00e9rification de l'admissibilit\u00e9 au d\u00e9part progressif", "k_actionterr": "AT10", "service": 16, "actionterr": 10}}, {"pk": 4, "model": "carra.serviceat", "fields": {"k_services": "Pr\u00e9paration \u00e0 la retraite (s\u00e9ance d'information)", "k_actionterr": "AT10", "service": 18, "actionterr": 10}}, {"pk": 5, "model": "carra.serviceat", "fields": {"k_services": "Estimation de rente", "k_actionterr": "AT10", "service": 19, "actionterr": 10}}, {"pk": 6, "model": "carra.serviceat", "fields": {"k_services": "Retraite graduelle", "k_actionterr": "AT11", "service": 17, "actionterr": 11}}, {"pk": 7, "model": "carra.serviceat", "fields": {"k_services": "Pr\u00e9paration \u00e0 la retraite (s\u00e9ance d'information)", "k_actionterr": "AT11", "service": 18, "actionterr": 11}}, {"pk": 8, "model": "carra.serviceat", "fields": {"k_services": "Estimation de rente", "k_actionterr": "AT11", "service": 19, "actionterr": 11}}, {"pk": 9, "model": "carra.serviceat", "fields": {"k_services": "Paiement d'une rente de retraite", "k_actionterr": "AT11", "service": 20, "actionterr": 11}}, {"pk": 10, "model": "carra.serviceat", "fields": {"k_services": "Cotisation \u00e0 une association de retrait\u00e9s", "k_actionterr": "AT11", "service": 31, "actionterr": 11}}, {"pk": 11, "model": "carra.serviceat", "fields": {"k_services": "Prestation en cas d'invalidit\u00e9 ", "k_actionterr": "AT12", "service": 13, "actionterr": 12}}, {"pk": 12, "model": "carra.serviceat", "fields": {"k_services": "Prestation \u00e0 une personne en phase terminale", "k_actionterr": "AT13", "service": 14, "actionterr": 13}}, {"pk": 13, "model": "carra.serviceat", "fields": {"k_services": "Calcul de la valeur des droits", "k_actionterr": "AT14", "service": 21, "actionterr": 14}}, {"pk": 14, "model": "carra.serviceat", "fields": {"k_services": "Acquitement de la valeur des droits \u00e0 la conjointe ou au conjoint", "k_actionterr": "AT14", "service": 22, "actionterr": 14}}, {"pk": 15, "model": "carra.serviceat", "fields": {"k_services": "Cotisation \u00e0 une association de retrait\u00e9s", "k_actionterr": "AT15", "service": 31, "actionterr": 15}}, {"pk": 16, "model": "carra.serviceat", "fields": {"k_services": "Paiement d'une rente de retraite", "k_actionterr": "AT15", "service": 20, "actionterr": 15}}, {"pk": 17, "model": "carra.serviceat", "fields": {"k_services": "Estimation de rente", "k_actionterr": "AT16", "service": 19, "actionterr": 16}}, {"pk": 18, "model": "carra.serviceat", "fields": {"k_services": "Suivi /traitement de demandes", "k_actionterr": "AT17", "service": 28, "actionterr": 17}}, {"pk": 19, "model": "carra.serviceat", "fields": {"k_services": "Suivi /traitement de demandes", "k_actionterr": "AT18", "service": 28, "actionterr": 18}}, {"pk": 20, "model": "carra.serviceat", "fields": {"k_services": "Transfert en vertu d'une entente", "k_actionterr": "AT2", "service": 4, "actionterr": 2}}, {"pk": 21, "model": "carra.serviceat", "fields": {"k_services": "Rachat de services", "k_actionterr": "AT2", "service": 9, "actionterr": 2}}, {"pk": 22, "model": "carra.serviceat", "fields": {"k_services": "Transfert inter r\u00e9gimes", "k_actionterr": "AT2", "service": 10, "actionterr": 2}}, {"pk": 23, "model": "carra.serviceat", "fields": {"k_services": "Transfert de la valeur de la rente diff\u00e9r\u00e9e vers un CRI ou un FRV", "k_actionterr": "AT2", "service": 11, "actionterr": 2}}, {"pk": 24, "model": "carra.serviceat", "fields": {"k_services": "Modification des retenus d'imp\u00f4t", "k_actionterr": "AT20", "service": 26, "actionterr": 19}}, {"pk": 25, "model": "carra.serviceat", "fields": {"k_services": "Suivi /traitement de demandes", "k_actionterr": "AT21", "service": 28, "actionterr": 20}}, {"pk": 26, "model": "carra.serviceat", "fields": {"k_services": "Prestation d'assurance vie aux h\u00e9ritiers ", "k_actionterr": "AT22", "service": 5, "actionterr": 21}}, {"pk": 27, "model": "carra.serviceat", "fields": {"k_services": "Prestation \u00e0 un survivant", "k_actionterr": "AT22", "service": 12, "actionterr": 21}}, {"pk": 28, "model": "carra.serviceat", "fields": {"k_services": "Renonciation / r\u00e9vocation des droits", "k_actionterr": "AT22", "service": 15, "actionterr": 21}}, {"pk": 29, "model": "carra.serviceat", "fields": {"k_services": "R\u00e9examen", "k_actionterr": "AT23", "service": 1, "actionterr": 22}}, {"pk": 30, "model": "carra.serviceat", "fields": {"k_services": "Suivi /traitement de demandes", "k_actionterr": "AT24", "service": 28, "actionterr": 23}}, {"pk": 31, "model": "carra.serviceat", "fields": {"k_services": "Suivi /traitement de demandes", "k_actionterr": "AT25", "service": 28, "actionterr": 24}}, {"pk": 32, "model": "carra.serviceat", "fields": {"k_services": "Suivi /traitement de demandes", "k_actionterr": "AT26", "service": 28, "actionterr": 25}}, {"pk": 33, "model": "carra.serviceat", "fields": {"k_services": "Renonciation / r\u00e9vocation des droits", "k_actionterr": "AT27", "service": 15, "actionterr": 26}}, {"pk": 34, "model": "carra.serviceat", "fields": {"k_services": "Prestation d'assurance vie aux h\u00e9ritiers ", "k_actionterr": "AT28", "service": 5, "actionterr": 27}}, {"pk": 35, "model": "carra.serviceat", "fields": {"k_services": "Prestation \u00e0 un survivant", "k_actionterr": "AT28", "service": 12, "actionterr": 27}}, {"pk": 36, "model": "carra.serviceat", "fields": {"k_services": "Renonciation / r\u00e9vocation des droits", "k_actionterr": "AT28", "service": 15, "actionterr": 27}}, {"pk": 37, "model": "carra.serviceat", "fields": {"k_services": "Estimation de rente", "k_actionterr": "AT29", "service": 19, "actionterr": 28}}, {"pk": 38, "model": "carra.serviceat", "fields": {"k_services": "Paiement d'une rente de retraite", "k_actionterr": "AT29", "service": 20, "actionterr": 28}}, {"pk": 39, "model": "carra.serviceat", "fields": {"k_services": "Enregistrement de la participation \u00e0 un r\u00e9gime de retraite", "k_actionterr": "AT3", "service": 6, "actionterr": 3}}, {"pk": 40, "model": "carra.serviceat", "fields": {"k_services": "V\u00e9rification de l'admissibilit\u00e9 \u00e0 une assurance collective", "k_actionterr": "AT3", "service": 7, "actionterr": 3}}, {"pk": 41, "model": "carra.serviceat", "fields": {"k_services": "Transfert en vertu d'une entente", "k_actionterr": "AT4", "service": 4, "actionterr": 4}}, {"pk": 42, "model": "carra.serviceat", "fields": {"k_services": "Transfert de la valeur de la rente diff\u00e9r\u00e9e vers un CRI ou un FRV", "k_actionterr": "AT4", "service": 11, "actionterr": 4}}, {"pk": 43, "model": "carra.serviceat", "fields": {"k_services": "Enregistrement de la participation \u00e0 un r\u00e9gime de retraite", "k_actionterr": "AT5", "service": 6, "actionterr": 5}}, {"pk": 44, "model": "carra.serviceat", "fields": {"k_services": "Suivi /traitement de demandes", "k_actionterr": "AT6", "service": 28, "actionterr": 6}}, {"pk": 45, "model": "carra.serviceat", "fields": {"k_services": "Transfert inter r\u00e9gimes", "k_actionterr": "AT6", "service": 10, "actionterr": 6}}, {"pk": 46, "model": "carra.serviceat", "fields": {"k_services": "Transfert en vertu d'une entente", "k_actionterr": "AT6", "service": 4, "actionterr": 6}}, {"pk": 47, "model": "carra.serviceat", "fields": {"k_services": "Enregistrement de la participation \u00e0 un r\u00e9gime de retraite", "k_actionterr": "AT7", "service": 6, "actionterr": 7}}, {"pk": 48, "model": "carra.serviceat", "fields": {"k_services": "Estimation d'un rachat de service", "k_actionterr": "AT7", "service": 8, "actionterr": 7}}, {"pk": 49, "model": "carra.serviceat", "fields": {"k_services": "Rachat de services", "k_actionterr": "AT7", "service": 9, "actionterr": 7}}, {"pk": 50, "model": "carra.serviceat", "fields": {"k_services": "Remboursement de cotisations vers\u00e9es en trop", "k_actionterr": "AT8", "service": 27, "actionterr": 8}}, {"pk": 51, "model": "carra.serviceat", "fields": {"k_services": "Suivi /traitement de demandes", "k_actionterr": "AT8", "service": 28, "actionterr": 8}}, {"pk": 52, "model": "carra.serviceat", "fields": {"k_services": "Estimation d'un rachat de service", "k_actionterr": "AT9", "service": 8, "actionterr": 9}}, {"pk": 53, "model": "carra.serviceat", "fields": {"k_services": "Rachat de services", "k_actionterr": "AT9", "service": 9, "actionterr": 9}}, {"pk": 1, "model": "carra.servicecanal", "fields": {"web": "", "service": 1, "k_services": "R\u00e9examen", "courrier": "E: X\n\nS: X", "telephone": "X", "personnel": ""}}, {"pk": 2, "model": "carra.servicecanal", "fields": {"web": "S: X", "service": 2, "k_services": "Arbitrage", "courrier": "E: X\n\nS: X", "telephone": "X", "personnel": ""}}, {"pk": 3, "model": "carra.servicecanal", "fields": {"web": "E: X\n\nS: X", "service": 3, "k_services": "Gestion des plaintes", "courrier": "E: X\n\nS: X", "telephone": "E: X", "personnel": ""}}, {"pk": 4, "model": "carra.servicecanal", "fields": {"web": "X", "service": 4, "k_services": "Transfert en vertu d'une entente", "courrier": "E: X", "telephone": "X", "personnel": ""}}, {"pk": 5, "model": "carra.servicecanal", "fields": {"web": "S: X", "service": 5, "k_services": "Prestation d'assurance vie aux h\u00e9ritiers \n(RREGOP, RRPE, RRAS (si inscrit dans le d\u00e9cret), Juges)\n\nAssurance-vie exc\u00e9dentaire", "courrier": "E: X", "telephone": "X", "personnel": ""}}, {"pk": 6, "model": "carra.servicecanal", "fields": {"web": "E: X", "service": 6, "k_services": "Enregistrement de la participation \u00e0 un r\u00e9gime de retraite", "courrier": "E: X", "telephone": "X", "personnel": ""}}, {"pk": 7, "model": "carra.servicecanal", "fields": {"web": "X", "service": 7, "k_services": "V\u00e9rification de l'admissibilit\u00e9 \u00e0 une assurance collective", "courrier": "E: X\n\nS: X", "telephone": "", "personnel": ""}}, {"pk": 8, "model": "carra.servicecanal", "fields": {"web": "E:X\n\nS: X", "service": 8, "k_services": "Estimation d'un rachat de service", "courrier": "", "telephone": "", "personnel": ""}}, {"pk": 9, "model": "carra.servicecanal", "fields": {"web": "E: X", "service": 9, "k_services": "Rachat de services", "courrier": "E: X\n\nS: X", "telephone": "X", "personnel": "E: X"}}, {"pk": 10, "model": "carra.servicecanal", "fields": {"web": "X", "service": 10, "k_services": "Transfert inter r\u00e9gimes", "courrier": "E: X", "telephone": "X", "personnel": ""}}, {"pk": 11, "model": "carra.servicecanal", "fields": {"web": "S: X", "service": 11, "k_services": "Transfert de la valeur de la rente diff\u00e9r\u00e9e vers un CRI ou un FRV", "courrier": "E: X", "telephone": "X", "personnel": ""}}, {"pk": 12, "model": "carra.servicecanal", "fields": {"web": "S: X", "service": 12, "k_services": "Prestation \u00e0 un survivant", "courrier": "E: X", "telephone": "X", "personnel": ""}}, {"pk": 13, "model": "carra.servicecanal", "fields": {"web": "S: X", "service": 13, "k_services": "Prestation en cas d'invalidit\u00e9 ", "courrier": "E: X", "telephone": "X", "personnel": ""}}, {"pk": 14, "model": "carra.servicecanal", "fields": {"web": "S: X", "service": 14, "k_services": "Prestation \u00e0 une personne en phase terminale", "courrier": "E: X", "telephone": "X", "personnel": ""}}, {"pk": 15, "model": "carra.servicecanal", "fields": {"web": "S: X", "service": 15, "k_services": "Renonciation / r\u00e9vocation des droits", "courrier": "E: X", "telephone": "X", "personnel": ""}}, {"pk": 16, "model": "carra.servicecanal", "fields": {"web": "X", "service": 16, "k_services": "V\u00e9rification de l'admissibilit\u00e9 au d\u00e9part progressif", "courrier": "E: X", "telephone": "X", "personnel": ""}}, {"pk": 17, "model": "carra.servicecanal", "fields": {"web": "S: X", "service": 17, "k_services": "Retraite graduelle", "courrier": "E: X", "telephone": "X", "personnel": ""}}, {"pk": 18, "model": "carra.servicecanal", "fields": {"web": "E: X\n\nS: X", "service": 18, "k_services": "Pr\u00e9paration \u00e0 la retraite (s\u00e9ance d'information)", "courrier": "", "telephone": "X", "personnel": "S: X"}}, {"pk": 19, "model": "carra.servicecanal", "fields": {"web": "X", "service": 19, "k_services": "Estimation de rente", "courrier": "E: X", "telephone": "X", "personnel": ""}}, {"pk": 20, "model": "carra.servicecanal", "fields": {"web": "S: X", "service": 20, "k_services": "Paiement d'une rente de retraite (versement)", "courrier": "E: X", "telephone": "", "personnel": ""}}, {"pk": 21, "model": "carra.servicecanal", "fields": {"web": "", "service": 21, "k_services": "Calcul de la valeur des droits", "courrier": "E: X\n\nS: X", "telephone": "X", "personnel": ""}}, {"pk": 22, "model": "carra.servicecanal", "fields": {"web": "S: X", "service": 22, "k_services": "Acquitement de la valeur des droits \u00e0 la conjointe ou au conjoint", "courrier": "E: X", "telephone": "X", "personnel": ""}}, {"pk": 23, "model": "carra.servicecanal", "fields": {"web": "E: X\n\nS: X", "service": 23, "k_services": "\u00c9valuation actuarielle", "courrier": "", "telephone": "", "personnel": ""}}, {"pk": 24, "model": "carra.servicecanal", "fields": {"web": "E: X\n\nS: X", "service": 24, "k_services": "Diverses \u00e9tudes", "courrier": "E: X\n\nS: X", "telephone": "", "personnel": "E: X"}}, {"pk": 25, "model": "carra.servicecanal", "fields": {"web": "S: X", "service": 25, "k_services": "D\u00e9duction pour certains organismes directement sur le paiement de la rente \n\u00abCotisation \u00e0 une association de retrait\u00e9s\u00bb", "courrier": "E: X", "telephone": "", "personnel": ""}}, {"pk": 26, "model": "carra.servicecanal", "fields": {"web": "S: X", "service": 26, "k_services": "Modification des retenus d'imp\u00f4t", "courrier": "E: X", "telephone": "X", "personnel": ""}}, {"pk": 27, "model": "carra.servicecanal", "fields": {"web": "E: X\n\nS: X", "service": 27, "k_services": "Remboursement de cotisations vers\u00e9es en trop", "courrier": "S: X", "telephone": "", "personnel": ""}}, {"pk": 28, "model": "carra.servicecanal", "fields": {"web": "", "service": 28, "k_services": "Suivi /traitement de demandes", "courrier": "", "telephone": "E: X\n\nS: X", "personnel": ""}}, {"pk": 29, "model": "carra.servicecanal", "fields": {"web": "E: X\n\nS: X", "service": 29, "k_services": "Formation aux employeurs", "courrier": "", "telephone": "X", "personnel": "S: X"}}]